last_name,first_name,name,team,player_id,year,HR.,BB.,AVG,SLG,SacBunt.,HPto1B,SprintSpeed,cluster
Pujols, Albert,Albert Pujols,LAD,405395,2021,1.448620258,-0.696563323,0.386090672,0.669425715,-0.702738134,1.919224817,-2.472228364,7
Cabrera, Miguel,Miguel Cabrera,DET,408234,2021,0.189086535,-0.000360761,0.650034983,0.342718161,-0.702738134,1.458395016,-1.616591881,9
Rivera, Rene,Rene Rivera,CLE,425784,2021,0.071925933,-0.600535383,0.333301809,0.175888772,1.74447806,0.701317485,-0.418700804,7
Wainwright, Adam,Adam Wainwright,STL,425794,2021,-1.143454263,-0.840605232,-1.105194689,-1.242161037,1.74447806,2.149639718,-1.958846474,5
Molina, Yadier,Yadier Molina,STL,425877,2021,-0.095188835,-0.600535383,0.597246121,0.231498568,-0.702738134,1.162147286,-2.3581435,7
Suzuki, Kurt,Kurt Suzuki,LAA,435559,2021,0.005329757,-0.648549353,0.227724085,0.036864281,0.276148343,1.162147286,-1.217294855,9
Cruz Jr., Nelson,Nelson Cruz Jr.,TB,443558,2021,1.472100817,0.263716073,0.768809923,1.114304087,-0.702738134,0.405069755,-0.418700804,1
Peralta, David,David Peralta,ARI,444482,2021,-0.454655613,0.239709088,0.68962663,0.453937754,-0.702738134,-0.582422676,0.493978112,2
Pina, Manny,Manny Pina,MIL,444489,2021,1.884868076,0.719848786,-0.234178461,0.711133063,-0.702738134,1.195063701,-0.932082694,1
Escobar, Alcides,Alcides Escobar,WSH,444876,2021,-0.617678497,-0.648549353,1.072345881,0.467840203,0.520869963,-0.648255505,0.379893247,9
Jay, Jon,Jon Jay,LAA,445055,2021,-1.143454263,-1.824891613,1.982953756,0.141132649,-0.702738134,0.405069755,-0.475743236,9
Longoria, Evan,Evan Longoria,SF,446334,2021,1.011083367,1.055946575,0.716021061,1.010035718,-0.702738134,0.43798617,-0.361658372,1
Lobaton, Jose,Jose Lobaton,CHC,446653,2021,-1.143454263,1.872184062,-2.728452204,-2.340454516,-0.702738134,0.010072783,-0.002291049,8
Hill, Rich,Rich Hill,BOS,448179,2021,-1.143454263,-1.824891613,-1.078800257,-1.471551447,1.74447806,0.898815971,-0.932082694,7
Morton, Charlie,Charlie Morton,ATL,450203,2021,-1.143454263,-1.824891613,-1.052405826,-1.332526956,1.74447806,3.66379478,-3.042652686,5
Fowler, Dexter,Dexter Fowler,LAA,451594,2021,-1.143454263,-0.672556338,0.57085169,-0.602648378,-0.702738134,0.010072783,-0.002291049,9
Lester, Jon,Jon Lester,STL,452657,2021,-0.269899753,-0.888619202,-0.524517203,-0.456672662,1.74447806,0.010072783,-0.002291049,9
Cabrera, Asdrubal,Asdrubal Cabrera,ARI,452678,2021,-0.193569719,0.623820847,0.306907378,0.20369367,-0.702738134,0.734233899,-1.046167558,9
LeBlanc, Wade,Wade LeBlanc,STL,453281,2021,-1.143454263,-1.824891613,-2.728452204,-2.340454516,1.74447806,0.010072783,-0.002291049,8
Scherzer, Max,Max Scherzer,NYM,453286,2021,-1.143454263,-1.824891613,-2.728452204,-2.340454516,1.132674011,4.025875338,-3.270822415,5
Arrieta, Jake,Jake Arrieta,SD,453562,2021,-1.143454263,-0.216423625,-1.01281418,-1.436795324,1.74447806,0.010072783,-0.002291049,8
Blackmon, Charlie,Charlie Blackmon,COL,453568,2021,-0.082952265,0.407757983,0.834796001,0.516498775,-0.702738134,-0.779921163,0.551020544,2
Frazier, Todd,Todd Frazier,PIT,453943,2021,-1.143454263,-0.024367746,-1.593491665,-1.548014917,-0.702738134,0.767150313,-1.445464584,8
Maldonado, Martin,Martin Maldonado,HOU,455117,2021,0.205520024,0.815876726,-0.458531125,-0.25508715,-0.702738134,1.557144259,-1.84476161,7
Chirinos, Robinson,Robinson Chirinos,CHC,455139,2021,1.017917764,0.095667179,0.267315731,0.815401431,1.74447806,1.096314457,-1.103209991,9
Price, David,David Price,LAD,456034,2021,-1.143454263,-1.824891613,0.795204354,-0.02569674,0.928739329,0.010072783,-0.002291049,9
Cueto, Johnny,Johnny Cueto,SF,456501,2021,-1.143454263,0.119674164,-1.81784433,-1.860820022,1.74447806,1.622977088,-1.559549448,7
Cain, Lorenzo,Lorenzo Cain,MIL,456715,2021,0.161778969,0.359744013,0.663232199,0.44698653,-0.702738134,-0.615339091,1.121444866,2
Solano, Donovan,Donovan Solano,SF,456781,2021,-0.187381557,-0.072381715,0.966768157,0.467840203,-0.213294895,0.010072783,-0.361658372,9
McCutchen, Andrew,Andrew McCutchen,PHI,457705,2021,1.205356261,1.560093258,0.201329653,0.745889185,-0.702738134,-0.68117192,1.121444866,2
Upton, Justin,Justin Upton,LAA,457708,2021,1.098119588,0.767862756,0.056160282,0.502596326,-0.702738134,0.14173844,0.43693568,2
Maybin, Cameron,Cameron Maybin,NYM,457727,2021,-1.143454263,0.359744013,-2.253352444,-2.090210432,-0.702738134,-1.273667379,1.349614595,8
Turner, Justin,Justin Turner,LAD,457759,2021,0.980610753,0.575806877,0.940373726,0.933572248,-0.702738134,0.701317485,-0.703912965,1
Posey III, Buster,Buster Posey III,SF,457763,2021,0.767308026,1.12796753,1.283501331,1.128206536,-0.702738134,0.898815971,-1.445464584,1
Bruce, Jay,Jay Bruce,NYY,457803,2021,0.089799194,1.248002454,-1.171180766,-0.706916746,-0.702738134,2.215472547,-2.015888906,7
Happ, J.A.,J.A. Happ,STL,457918,2021,-1.143454263,-0.216423625,-2.728452204,-2.340454516,-0.702738134,2.577553105,-2.301101067,4
Votto, Joey,Joey Votto,CIN,458015,2021,2.225970334,1.632114213,0.782007139,1.573084907,-0.702738134,0.635484656,-0.932082694,1
Gardner, Brett,Brett Gardner,NYY,458731,2021,-0.059975796,1.296016424,0.201329653,0.175888772,0.409632864,-1.372416622,1.064402434,2
Joyce, Matt,Matt Joyce,PHI,459964,2021,0.381295436,2.35232376,-1.527505587,-0.825087563,-0.702738134,0.240487683,-0.304615939,1
Butera, Drew,Drew Butera,LAA,460077,2021,-1.143454263,-1.824891613,-1.48791394,-1.471551447,1.132674011,0.010072783,-0.002291049,9
Romine, Andrew,Andrew Romine,CHC,461865,2021,-0.44461063,-0.312451564,-0.313361754,-0.48447756,-0.702738134,-0.549506262,0.493978112,9
Andrus, Elvis,Elvis Andrus,OAK,462101,2021,-0.890351959,-0.456493474,0.478471181,-0.116062659,0.346068807,-0.121592875,-0.019403778,9
Sandoval, Pablo,Pablo Sandoval,ATL,467055,2021,1.154113818,1.248002454,-0.379347832,0.036864281,-0.702738134,2.577553105,-2.301101067,7
Ramos, Wilson,Wilson Ramos,DET,467092,2021,1.078035367,-0.504507444,-0.023023011,0.419181631,-0.702738134,1.524227844,-1.730676745,7
Santana, Carlos,Carlos Santana,KC,467793,2021,0.266601906,1.320023409,0.095751929,0.036864281,-0.702738134,0.43798617,-1.046167558,9
Parra, Gerardo,Gerardo Parra,WSH,467827,2021,-0.278905444,-0.480500459,0.399287887,0.099425302,0.520869963,0.339236926,-0.418700804,9
Carrasco, Carlos,Carlos Carrasco,NYM,471911,2021,-1.143454263,-1.824891613,-2.728452204,-2.340454516,1.74447806,0.010072783,-0.002291049,8
Anderson, Brett,Brett Anderson,MIL,474463,2021,-1.143454263,1.007932605,-2.728452204,-2.340454516,1.74447806,0.010072783,-0.002291049,8
Mercer, Jordy,Jordy Mercer,WSH,474568,2021,-0.432765818,-0.120395685,0.623640552,0.189791221,-0.702738134,-0.121592875,-0.133488643,9
Belt, Brandon,Brandon Belt,SF,474832,2021,2.598046948,1.199988484,0.887584863,1.809426542,-0.702738134,0.14173844,-0.646870533,1
Zimmerman, Ryan,Ryan Zimmerman,WSH,475582,2021,1.158618843,-0.408479504,0.478471181,0.933572248,-0.702738134,-0.154509289,-0.07644621,2
Lowrie, Jed,Jed Lowrie,OAK,476704,2021,0.141072288,0.479778937,0.504865612,0.426132856,-0.702738134,0.43798617,-0.875040262,9
Kershaw, Clayton,Clayton Kershaw,LAD,477132,2021,-1.143454263,-1.200710006,0.201329653,-0.797282665,1.74447806,2.347138204,-2.129973771,5
Avila, Alex,Alex Avila,WSH,488671,2021,-0.672323736,2.280302805,-0.207784029,0.078571628,1.74447806,1.49131143,-1.445464584,7
Brantley Jr., Michael,Michael Brantley Jr.,HOU,488726,2021,-0.428219868,-0.264437595,1.37588184,0.697230613,-0.702738134,0.273404098,-0.5898281,9
Castro, Jason,Jason Castro,HOU,488771,2021,1.107854032,1.536086273,0.372893456,0.738937961,1.74447806,-0.154509289,-0.07644621,9
Miley, Wade,Wade Miley,CIN,489119,2021,-1.143454263,-0.600535383,-0.286967323,-0.665209399,1.74447806,1.853391988,-1.730676745,7
Gurriel, Yuli,Yuli Gurriel,HOU,493329,2021,0.043261325,0.527792907,1.481459564,0.871011227,-0.702738134,-0.483673433,0.151723519,2
Campbell, Eric,Eric Campbell,SEA,493472,2021,-1.143454263,0.167688134,0.874387648,-0.442770213,-0.702738134,0.536735413,-0.5898281,9
Rojas, Miguel,Miguel Rojas,MIA,500743,2021,-0.381079414,-0.168409655,0.768809923,0.384425509,0.520869963,-0.022843632,-0.07644621,9
Escobar, Eduardo,Eduardo Escobar,ARI,500871,2021,0.995083566,0.095667179,0.610443336,0.940523473,-0.702738134,-0.747004748,0.379893247,2
Adrianza, Ehire,Ehire Adrianza,ATL,501303,2021,0.008485748,0.575806877,0.531260043,0.44698653,-0.090934086,-0.450757019,0.094681086,2
Lagares, Juan,Juan Lagares,LAA,501571,2021,-0.329267511,-0.936633172,0.386090672,0.245401018,1.255034821,-0.38492419,0.836232705,9
Almonte, Abraham,Abraham Almonte,ATL,501659,2021,0.273120649,1.752149137,0.12214636,0.433084081,-0.702738134,-0.549506262,0.608062976,2
Davis, Khris,Khris Davis,OAK,501981,2021,0.089799194,0.287723058,-0.009825796,0.182839997,-0.702738134,1.260896529,-0.646870533,9
Gibson, Kyle,Kyle Gibson,TEX,502043,2021,0.302429102,-1.824891613,-0.907236455,-0.665209399,1.74447806,1.162147286,-1.160252423,7
Pham, Tommy,Tommy Pham,SD,502054,2021,0.180670473,1.512079288,0.293710162,0.321864488,-0.702738134,-0.088676461,0.608062976,2
Martinez, J.D.,J.D. Martinez,BOS,502110,2021,0.91629535,0.263716073,1.04595145,1.260279802,-0.702738134,0.372153341,-0.361658372,1
Espino, Paolo,Paolo Espino,WSH,502179,2021,-1.143454263,-1.824891613,-0.524517203,-1.179600016,1.74447806,2.281305375,-2.072931338,5
Reddick, Josh,Josh Reddick,ARI,502210,2021,-0.588081855,-0.912626187,0.676429414,0.238449793,-0.702738134,-0.121592875,-0.247573507,9
Freeman, Mike,Mike Freeman,CIN,502273,2021,-1.143454263,0.023646224,-0.273770107,-1.047526749,-0.702738134,-0.648255505,0.608062976,9
Dyson, Jarrod,Jarrod Dyson,KC,502481,2021,-1.143454263,-0.216423625,0.00337142,-0.33155062,1.132674011,-1.010336063,0.608062976,9
Anderson, Chase,Chase Anderson,PHI,502624,2021,-1.143454263,-1.824891613,-2.728452204,-2.340454516,1.74447806,0.010072783,-0.002291049,8
Goldschmidt, Paul,Paul Goldschmidt,STL,502671,2021,1.012182788,0.551799892,1.151529175,1.232474904,-0.702738134,0.075905611,-0.304615939,2
Gonzalez, Marwin,Marwin Gonzalez,BOS,503556,2021,-0.383841635,-0.264437595,-0.102206305,-0.227282252,0.520869963,-0.220342118,0.037638654,9
Darvish, Yu,Yu Darvish,SD,506433,2021,-1.143454263,-1.824891613,-1.48791394,-1.422892875,1.74447806,2.972550077,-2.586313228,5
Leon, Sandy,Sandy Leon,MIA,506702,2021,-0.313145021,-0.504507444,-0.313361754,-0.48447756,0.113000596,1.030481629,-1.730676745,9
Sanchez, Adrian,Adrian Sanchez,WSH,506703,2021,-1.143454263,0.071660194,0.663232199,-0.157770006,-0.702738134,0.372153341,-0.532785668,9
Altuve, Jose,Jose Altuve,HOU,514888,2021,1.019356278,0.503785922,0.940373726,1.05869429,-0.35313582,-1.142001721,0.722147841,2
Hernandez, Cesar,Cesar Hernandez,CLE,514917,2021,0.401357936,0.407757983,0.333301809,0.342718161,-0.702738134,-1.076168892,1.121444866,9
Segura, Jean,Jean Segura,PHI,516416,2021,-0.001375201,-0.168409655,1.098740313,0.690279389,-0.213294895,-0.779921163,0.322850815,9
Castro, Starlin,Starlin Castro,WSH,516770,2021,-0.744115032,-0.024367746,1.006359804,0.266254691,-0.702738134,0.14173844,-0.361658372,9
Marte, Starling,Starling Marte,OAK,516782,2021,-0.066008018,0.143681149,1.362684624,0.843206329,0.113000596,-1.142001721,0.95031757,9
Bumgarner, Madison,Madison Bumgarner,ARI,518516,2021,-1.143454263,2.328316775,-1.369139,-1.450697773,0.928739329,3.071299321,-2.643355661,4
Culberson, Charlie,Charlie Culberson,TEX,518586,2021,-0.294656344,-0.312451564,0.478471181,0.307962039,1.255034821,-0.944503235,0.779190273,9
d'Arnaud, Travis,Travis d'Arnaud,ATL,518595,2021,0.260920475,-0.048374731,0.174935222,0.35662061,-0.702738134,0.43798617,-0.190531075,2
Donaldson, Josh,Josh Donaldson,MIN,518626,2021,1.242095071,1.440058333,0.531260043,0.961377146,-0.702738134,0.865899557,-1.274337287,1
Freeman, Freddie,Freddie Freeman,ATL,518692,2021,1.022960969,1.103960545,1.230712468,1.156011434,-0.702738134,-0.483673433,0.151723519,1
Grandal, Yasmani,Yasmani Grandal,CWS,518735,2021,2.313191594,3.744728884,0.438879534,1.274182251,-0.294868768,1.688809916,-1.84476161,1
Heyward, Jason,Jason Heyward,CHC,518792,2021,-0.10492504,-0.000360761,0.095751929,0.071620404,-0.702738134,-0.352007776,0.037638654,9
Kelly, Merrill,Merrill Kelly,ARI,518876,2021,-1.143454263,-0.168409655,-1.883830408,-1.749600429,1.74447806,1.919224817,-1.787719177,7
Kozma, Pete,Pete Kozma,OAK,518902,2021,-1.143454263,0.167688134,-1.527505587,-1.707893082,-0.702738134,0.010072783,-0.002291049,8
LeMahieu, DJ,DJ LeMahieu,NYY,518934,2021,-0.441098857,0.767862756,0.80840157,0.175888772,-0.702738134,0.207571269,-0.133488643,9
Lucroy, Jonathan,Jonathan Lucroy,WSH,518960,2021,-1.143454263,1.296016424,1.441867918,0.217596119,1.74447806,0.898815971,-0.932082694,7
Moore, Matt,Matt Moore,PHI,519043,2021,-1.143454263,-1.824891613,-2.728452204,-2.340454516,1.74447806,0.010072783,-0.002291049,8
Moreland, Mitch,Mitch Moreland,OAK,519048,2021,0.687577041,-0.120395685,0.267315731,0.544303673,-0.702738134,0.405069755,-1.331379719,2
Moustakas, Mike,Mike Moustakas,CIN,519058,2021,0.231320059,0.263716073,0.016568635,0.245401018,-0.702738134,0.66840107,-0.875040262,9
Rizzo, Anthony,Anthony Rizzo,CHC,519203,2021,0.716371509,0.335737028,0.544457258,0.718084287,-0.702738134,0.306320512,-0.875040262,2
Romine, Austin,Austin Romine,CHC,519222,2021,-0.44461063,-1.056668096,0.135343576,-0.25508715,-0.702738134,0.66840107,-1.046167558,9
Sogard, Eric,Eric Sogard,CHC,519299,2021,-0.895344092,-0.624542368,0.557654474,-0.157770006,-0.702738134,-0.286174947,-0.646870533,9
Souza Jr., Steven,Steven Souza Jr.,LAD,519306,2021,0.127170486,-0.480500459,-0.722475437,-0.02569674,-0.702738134,-0.319091361,0.265808383,9
Stanton, Giancarlo,Giancarlo Stanton,NYY,519317,2021,1.734137109,0.791869741,0.874387648,1.246377353,-0.702738134,1.293812944,-1.160252423,1
Vogt, Stephen,Stephen Vogt,ARI,519390,2021,0.254232961,0.791869741,-0.154995167,-0.02569674,0.520869963,-0.220342118,-0.304615939,2
Galvis, Freddy,Freddy Galvis,BAL,520471,2021,0.505502603,-0.168409655,0.465273965,0.488693877,0.276148343,-0.088676461,-0.532785668,9
Perez, Salvador,Salvador Perez,KC,521692,2021,2.10278707,-0.816598247,0.874387648,1.441011641,-0.702738134,0.536735413,-0.361658372,3
Flores, Wilmer,Wilmer Flores,SF,527038,2021,0.796779967,0.431764968,0.729218277,0.766742859,-0.702738134,0.701317485,-1.274337287,1
LaMarre, Ryan,Ryan LaMarre,NYY,534606,2021,2.849937834,0.167688134,-0.220981245,0.968328371,-0.702738134,-1.142001721,1.178487299,2
Tovar, Wilfredo,Wilfredo Tovar,NYM,541600,2021,-1.143454263,0.167688134,-0.32655897,-1.075331647,-0.702738134,-0.483673433,0.43693568,9
Garcia, Avisail,Avisail Garcia,MIL,541645,2021,1.494263538,-0.048374731,0.729218277,1.065645515,-0.702738134,-0.319091361,1.121444866,2
Perez, Hernan,Hernan Perez,WSH,541650,2021,-1.143454263,0.455771952,-2.028999779,-1.972039615,-0.702738134,0.240487683,-0.304615939,8
Inciarte, Ender,Ender Inciarte,ATL,542255,2021,-0.081919639,0.071660194,0.108949144,-0.143867557,0.928739329,-1.109085307,0.037638654,9
Ozuna, Marcell,Marcell Ozuna,ATL,542303,2021,0.417792138,0.359744013,0.082554713,0.134181425,-0.702738134,-0.055760046,-0.133488643,2
Villar, Jonathan,Jonathan Villar,NYM,542340,2021,0.518993108,0.359744013,0.557654474,0.551254898,1.74447806,-0.615339091,0.322850815,9
Ortega, Rafael,Rafael Ortega,CHC,542364,2021,0.414778124,0.359744013,1.111937528,0.877962452,1.74447806,-0.450757019,0.43693568,9
Santana, Danny,Danny Santana,BOS,542454,2021,0.663899912,0.071660194,-0.339756185,0.057717955,-0.702738134,-0.845753992,0.722147841,9
Aguilar, Jesus,Jesus Aguilar,MIA,542583,2021,0.911052597,0.335737028,0.716021061,0.850157554,-0.702738134,0.865899557,-1.388422152,1
Anderson, Tyler,Tyler Anderson,SEA,542881,2021,-0.068310219,-1.224716991,-1.369139,-1.096185321,-0.702738134,0.010072783,-0.002291049,8
Berti, Jon,Jon Berti,MIA,542932,2021,-0.423615341,1.007932605,0.042963067,-0.164721231,0.113000596,-1.174918135,1.805954053,2
Brantly, Rob,Rob Brantly,NYY,542963,2021,-1.143454263,-1.824891613,-0.748869868,-0.950209605,-0.702738134,0.339236926,-0.418700804,8
Burns, Andy,Andy Burns,LAD,542992,2021,-1.143454263,2.976505367,0.874387648,0.189791221,-0.702738134,-0.91158682,0.893275137,1
Crawford, Brandon,Brandon Crawford,SF,543063,2021,0.940054663,0.623820847,1.204318037,1.2880847,-0.702738134,-0.286174947,-0.5898281,2
Cron, C.J.,C.J. Cron,COL,543068,2021,1.354539945,0.815876726,0.979965372,1.343694497,-0.702738134,0.470902584,-0.475743236,1
DeSclafani, Anthony,Anthony DeSclafani,SF,543101,2021,-1.143454263,-0.264437595,-2.213760797,-1.930332267,1.74447806,2.577553105,-2.301101067,5
Dickerson, Alex,Alex Dickerson,SF,543105,2021,0.78268717,-0.048374731,0.346499025,0.579059796,-0.702738134,-0.088676461,-0.019403778,2
Gomes, Yan,Yan Gomes,WSH,543228,2021,0.538576216,-0.600535383,0.597246121,0.586011021,-0.702738134,0.503818998,-0.247573507,2
Gray, Sonny,Sonny Gray,CIN,543243,2021,-1.143454263,-1.27273096,-0.80165873,-1.325575731,1.74447806,1.227980115,-1.217294855,7
Grossman, Robbie,Robbie Grossman,DET,543257,2021,0.587971573,1.680128182,0.425682318,0.544303673,-0.090934086,-0.615339091,0.608062976,2
Harrison, Josh,Josh Harrison,WSH,543281,2021,-0.479206869,-0.480500459,0.953570941,0.440035305,-0.702738134,-0.352007776,-0.019403778,9
Hendricks, Kyle,Kyle Hendricks,CHC,543294,2021,-1.143454263,-1.032661111,-1.210772413,-1.402039201,1.74447806,2.972550077,-2.586313228,5
Hicks, Aaron,Aaron Hicks,NYY,543305,2021,0.409531555,0.839883711,-0.168192383,-0.02569674,-0.702738134,-0.319091361,0.094681086,2
Hicks, John,John Hicks,TEX,543308,2021,4.266947944,-1.824891613,0.676429414,2.365524506,-0.702738134,0.010072783,-0.07644621,3
Higashioka, Kyle,Kyle Higashioka,NYY,543309,2021,1.029116594,0.119674164,-0.339756185,0.363571835,-0.702738134,0.470902584,-0.760955397,2
Hosmer, Eric,Eric Hosmer,SD,543333,2021,-0.15491317,0.215702103,0.821598786,0.405279182,0.113000596,-0.121592875,-0.418700804,9
Lavarnway, Ryan,Ryan Lavarnway,CLE,543432,2021,-1.143454263,-1.032661111,0.57085169,0.141132649,1.74447806,1.227980115,-1.217294855,7
McCann, James,James McCann,NYM,543510,2021,-0.025304459,0.047653209,0.333301809,0.085522853,-0.702738134,0.470902584,-0.019403778,2
Miller, Brad,Brad Miller,PHI,543543,2021,1.39011778,1.03193959,0.267315731,0.808450206,-0.702738134,-0.582422676,0.43693568,2
Nola, Austin,Austin Nola,SD,543592,2021,-0.658707229,-0.0963887,0.861190432,0.273205916,-0.702738134,0.536735413,-0.418700804,9
Rendon, Anthony,Anthony Rendon,LAA,543685,2021,0.015917657,0.959918635,0.438879534,0.314913263,-0.702738134,0.832983142,-0.875040262,9
Semien, Marcus,Marcus Semien,TOR,543760,2021,1.750530052,0.359744013,0.768809923,1.399304293,-0.702738134,-0.648255505,1.064402434,2
Shaw, Travis,Travis Shaw,MIL,543768,2021,0.571889169,0.479778937,-0.089009089,0.252352242,0.928739329,0.503818998,-0.932082694,9
Springer III, George,George Springer III,TOR,543807,2021,1.941741633,0.767862756,0.755612708,1.517475111,-0.702738134,-0.812837577,0.95031757,2
Vazquez, Christian,Christian Vazquez,BOS,543877,2021,-0.594144855,-0.24043061,0.676429414,0.106376527,-0.213294895,0.470902584,-0.875040262,9
Wong, Kolten,Kolten Wong,MIL,543939,2021,0.175711213,-0.312451564,0.861190432,0.766742859,-0.702738134,-0.582422676,-0.019403778,9
Gregorius, Didi,Didi Gregorius,PHI,544369,2021,0.337790366,-0.360465534,0.029765851,0.231498568,-0.702738134,-0.615339091,0.551020544,9
Garcia, Leury,Leury Garcia,CWS,544725,2021,-0.638266095,0.239709088,0.795204354,0.273205916,0.870472276,-1.174918135,0.95031757,9
Vargas, Ildemaro,Ildemaro Vargas,ARI,545121,2021,-1.143454263,-0.0963887,-0.669686575,-0.80423389,-0.702738134,0.240487683,0.151723519,8
Bauer, Trevor,Trevor Bauer,LAD,545333,2021,-1.143454263,-1.128689051,-2.29294409,-2.111064106,1.74447806,3.400463464,-2.87152539,5
Grichuk, Randal,Randal Grichuk,TOR,545341,2021,0.661777804,-0.624542368,0.452076749,0.59991347,-0.702738134,-0.417840604,0.779190273,2
Marisnick, Jake,Jake Marisnick,CHC,545350,2021,0.047756455,-0.480500459,0.12214636,0.266254691,0.520869963,-0.549506262,1.178487299,9
Stassi, Max,Max Stassi,LAA,545358,2021,0.789517458,0.287723058,0.452076749,0.620767143,-0.702738134,0.602568242,-0.190531075,2
Trout, Mike,Mike Trout,LAA,545361,2021,1.723596465,2.616400594,1.666220582,1.997109605,-0.702738134,-0.91158682,1.46369946,6
Herrera, Odubel,Odubel Herrera,PHI,546318,2021,0.067874681,-0.408479504,0.702823845,0.551254898,-0.294868768,-0.977419649,0.322850815,9
Alford, Anthony,Anthony Alford,PIT,546990,2021,0.432884728,0.119674164,0.346499025,0.481742652,-0.702738134,-1.339500207,1.634826756,2
Almora Jr., Albert,Albert Almora Jr.,NYM,546991,2021,-1.143454263,-0.936633172,-1.210772413,-1.137892668,-0.702738134,-0.747004748,0.722147841,8
Poteet, Cody,Cody Poteet,MIA,547001,2021,-1.143454263,-1.824891613,-1.408730647,-1.645332061,1.74447806,2.445887447,-2.187016203,5
Ruiz, Rio,Rio Ruiz,BAL,547004,2021,-0.137119452,0.215702103,-0.511319988,-0.449721438,0.113000596,0.635484656,-0.5898281,8
Wolters, Tony,Tony Wolters,CHC,547172,2021,-1.143454263,2.184274865,-1.078800257,-1.471551447,1.74447806,0.767150313,-0.817997829,7
Harper, Bryce,Bryce Harper,PHI,547180,2021,1.863864568,2.184274865,1.349487409,1.934548584,0.113000596,-0.615339091,0.608062976,6
Perez, Roberto,Roberto Perez,CLE,547379,2021,0.938207577,0.719848786,-0.762067084,-0.123013884,1.74447806,0.635484656,-1.160252423,9
Kim, Kwang Hyun,Kwang Hyun Kim,STL,547942,2021,-1.143454263,-1.824891613,-1.210772413,-1.269965935,1.74447806,-0.549506262,0.493978112,9
Abreu, Jose,Jose Abreu,CWS,547989,2021,1.079016628,0.407757983,0.716021061,1.003084494,-0.702738134,0.174654854,-0.133488643,1
Diaz, Elias,Elias Diaz,COL,553869,2021,1.089537187,0.119674164,0.518062827,0.884913676,-0.702738134,0.602568242,-0.532785668,1
Narvaez, Omar,Omar Narvaez,MIL,553882,2021,0.036179453,0.383750998,0.782007139,0.453937754,-0.702738134,0.701317485,-0.875040262,9
Astudillo, Willians,Willians Astudillo,MIN,553902,2021,0.267672269,-1.488793825,0.386090672,0.266254691,-0.702738134,1.326729358,-1.445464584,7
Suarez, Eugenio,Eugenio Suarez,CIN,553993,2021,1.430504428,0.527792907,-0.11540352,0.634669593,-0.702738134,0.207571269,-0.019403778,2
Wheeler, Zack,Zack Wheeler,PHI,554430,2021,-1.143454263,-1.824891613,-0.590503281,-1.012770626,1.74447806,2.215472547,-2.015888906,5
Polanco, Gregory,Gregory Polanco,PIT,570256,2021,0.229274264,0.431764968,0.016568635,0.120278976,-0.702738134,-0.648255505,0.265808383,2
Gonzalez, Erik,Erik Gonzalez,PIT,570481,2021,-0.762266838,-0.984647142,0.333301809,-0.25508715,-0.702738134,-0.450757019,0.43693568,9
Urshela, Gio,Gio Urshela,NYY,570482,2021,0.254232961,-0.744577293,0.795204354,0.572108572,-0.702738134,-0.022843632,-0.5898281,2
Schoop, Jonathan,Jonathan Schoop,DET,570731,2021,0.337241704,-0.504507444,0.940373726,0.683328164,-0.702738134,0.075905611,0.151723519,2
Adams, Matt,Matt Adams,COL,571431,2021,-1.143454263,0.575806877,-0.524517203,-0.991916953,-0.702738134,0.470902584,-0.817997829,8
Arenado, Nolan,Nolan Arenado,STL,571448,2021,1.260662074,0.023646224,0.636837767,1.093450413,-0.702738134,0.66840107,-0.760955397,1
Barnhart, Tucker,Tucker Barnhart,CIN,571466,2021,-0.300022289,-0.024367746,0.531260043,0.217596119,-0.702738134,0.898815971,-1.388422152,9
Corbin, Patrick,Patrick Corbin,WSH,571578,2021,-1.143454263,-0.672556338,-0.986419748,-1.422892875,1.74447806,2.511720276,-2.244058635,5
Farmer, Kyle,Kyle Farmer,CIN,571657,2021,0.245551688,-0.816598247,0.742415492,0.551254898,-0.294868768,-0.187425704,0.151723519,2
Goodwin, Brian,Brian Goodwin,CWS,571718,2021,0.283970993,1.103960545,0.188132438,0.259303467,0.520869963,-0.747004748,0.322850815,2
Hamilton, Billy,Billy Hamilton,CWS,571740,2021,-0.483129604,-1.104682066,0.174935222,0.287108365,1.132674011,-1.471165865,1.577784324,9
Haniger, Mitch,Mitch Haniger,SEA,571745,2021,1.494116823,0.047653209,0.610443336,1.030889392,-0.702738134,-0.088676461,0.265808383,2
Hernandez, Enrique,Enrique Hernandez,BOS,571771,2021,0.507357446,0.671834817,0.57085169,0.780645308,-0.702738134,-0.352007776,0.379893247,2
Holt, Brock,Brock Holt,TEX,571788,2021,-0.786597959,0.287723058,0.029765851,-0.268989599,-0.702738134,-0.286174947,-0.361658372,9
Lamb, Jake,Jake Lamb,CWS,571875,2021,0.894839621,1.272009439,-0.168192383,0.217596119,-0.702738134,0.207571269,-0.418700804,1
Maile, Luke,Luke Maile,MIL,571912,2021,-1.143454263,0.287723058,1.230712468,0.669425715,-0.702738134,0.405069755,-0.475743236,9
Marrero, Deven,Deven Marrero,MIA,571918,2021,1.477209308,1.968212001,-0.247375676,0.266254691,-0.702738134,0.010072783,-0.002291049,1
Mikolas, Miles,Miles Mikolas,STL,571945,2021,-1.143454263,-0.216423625,-2.728452204,-2.340454516,1.74447806,0.010072783,-0.002291049,8
Muncy, Max,Max Muncy,LAD,571970,2021,1.893773552,1.536086273,0.557654474,1.322840823,-0.702738134,-0.417840604,-0.019403778,1
Myers, Wil,Wil Myers,SD,571976,2021,0.469261761,0.767862756,0.650034983,0.67637694,-0.702738134,-0.615339091,0.893275137,2
Naquin, Tyler,Tyler Naquin,CIN,571980,2021,0.794944076,0.023646224,0.834796001,0.975279596,-0.702738134,-0.483673433,0.551020544,2
Owings, Chris,Chris Owings,COL,572008,2021,-0.16832363,1.536086273,1.573840073,2.024914503,-0.702738134,-0.845753992,0.836232705,2
Piscotty, Stephen,Stephen Piscotty,OAK,572039,2021,0.06841328,-0.168409655,0.174935222,0.113327751,-0.702738134,0.372153341,-0.532785668,2
Pollock, AJ,AJ Pollock,LAD,572041,2021,1.149626361,-0.120395685,1.191120822,1.385401844,-0.702738134,-0.582422676,0.608062976,2
Seager, Kyle,Kyle Seager,SEA,572122,2021,1.290329495,0.287723058,0.069357498,0.704181838,-0.702738134,0.174654854,-0.703912965,2
Taylor, Michael A.,Michael A. Taylor,KC,572191,2021,-0.101699821,-0.312451564,0.491668396,0.134181425,-0.003533507,-0.878670406,0.836232705,9
Thompson, Trayce,Trayce Thompson,CHC,572204,2021,4.846633904,2.976505367,0.57085169,2.622719814,-0.702738134,-0.779921163,0.779190273,6
Voit III, Luke,Luke Voit III,NYY,572228,2021,1.021976648,0.263716073,0.425682318,0.697230613,-0.702738134,1.129230872,-1.046167558,1
Walker, Christian,Christian Walker,ARI,572233,2021,-0.097802957,0.215702103,0.491668396,0.314913263,-0.702738134,-0.088676461,0.379893247,2
Zunino, Mike,Mike Zunino,TB,572287,2021,3.011832115,0.359744013,0.12214636,1.545280009,-0.702738134,0.569651827,-0.418700804,3
Carpenter, Matt,Matt Carpenter,STL,572761,2021,-0.535764144,1.560093258,-0.498122772,-0.428867764,-0.702738134,-0.088676461,-0.5898281,1
Dickerson, Corey,Corey Dickerson,MIA,572816,2021,-0.394693237,-0.19241664,0.847993217,0.495645101,-0.702738134,-0.812837577,0.265808383,9
Garneau, Dustin,Dustin Garneau,DET,572863,2021,2.914347413,-0.768584278,0.042963067,1.698206949,-0.702738134,0.174654854,-0.247573507,3
Ruf, Darin,Darin Ruf,SF,573131,2021,1.417194099,1.704135167,0.847993217,1.267231027,-0.702738134,0.43798617,-0.475743236,1
Stroman, Marcus,Marcus Stroman,NYM,573186,2021,-1.143454263,-0.168409655,-1.435125078,-1.388136752,1.74447806,1.557144259,-1.502507016,7
Yastrzemski, Mike,Mike Yastrzemski,SF,573262,2021,1.096429113,0.479778937,0.227724085,0.836255105,-0.090934086,-0.582422676,0.322850815,2
Contreras, Willson,Willson Contreras,CHC,575929,2021,0.98861103,0.767862756,0.399287887,0.704181838,-0.702738134,-0.417840604,0.493978112,2
Iglesias, Jose,Jose Iglesias,LAA,578428,2021,-0.362138431,-0.840605232,0.847993217,0.377474284,-0.702738134,-1.174918135,0.893275137,9
Torreyes, Ronald,Ronald Torreyes,PHI,591720,2021,-0.220453241,-0.504507444,0.465273965,0.064669179,1.336608693,-0.38492419,0.094681086,9
Valera, Breyvic,Breyvic Valera,TOR,591971,2021,-0.661493141,0.143681149,0.610443336,0.134181425,0.520869963,-0.154509289,0.094681086,9
Bryant, Kris,Kris Bryant,CHC,592178,2021,0.899948112,0.719848786,0.768809923,1.003084494,-0.702738134,-0.615339091,0.665105409,2
Canha, Mark,Mark Canha,OAK,592192,2021,0.229995638,1.12796753,0.320104594,0.349669386,-0.702738134,-0.483673433,0.608062976,2
Casali, Curt,Curt Casali,SF,592200,2021,-0.095188835,0.887897681,0.042963067,0.092474077,1.74447806,1.063398043,-1.046167558,7
Castellanos, Nick,Nick Castellanos,CIN,592206,2021,1.541368687,-0.14440267,1.349487409,1.663450826,-0.702738134,-0.483673433,0.493978112,2
DeShields, Delino,Delino DeShields,CIN,592261,2021,-0.251313462,1.896191046,0.636837767,0.620767143,1.74447806,-0.91158682,0.893275137,9
Drury, Brandon,Brandon Drury,NYM,592273,2021,0.853241807,-1.008654127,0.887584863,0.968328371,-0.702738134,0.14173844,-0.190531075,2
Gamel, Ben,Ben Gamel,PIT,592325,2021,-0.156851497,1.248002454,0.531260043,0.35662061,0.113000596,-0.648255505,0.551020544,2
Gausman, Kevin,Kevin Gausman,SF,592332,2021,-1.143454263,-1.056668096,-0.286967323,-1.054477974,1.336608693,2.215472547,-2.015888906,5
Gonzalez, Chi Chi,Chi Chi Gonzalez,COL,592346,2021,-1.143454263,-1.128689051,-0.603700497,-0.991916953,1.74447806,2.577553105,-2.301101067,5
Goodrum, Niko,Niko Goodrum,DET,592348,2021,0.157840762,0.311730043,0.095751929,0.155035098,-0.702738134,-0.747004748,1.007360002,9
Gray, Jon,Jon Gray,TEX,592351,2021,-1.143454263,-1.824891613,-1.329547353,-1.603624713,1.74447806,2.577553105,-2.301101067,5
Holaday, Bryan,Bryan Holaday,ARI,592407,2021,-1.143454263,-1.128689051,-0.168192383,-0.547038581,-0.702738134,1.030481629,-1.046167558,9
Jones, JaCoby,JaCoby Jones,DET,592444,2021,-0.30484192,-0.672556338,-0.484925556,-0.602648378,-0.702738134,-0.088676461,0.379893247,9
Judge, Aaron,Aaron Judge,NYY,592450,2021,1.829807683,1.007932605,1.059148666,1.441011641,-0.702738134,0.273404098,0.493978112,1
Machado, Manny,Manny Machado,SD,592518,2021,0.938207577,0.527792907,0.940373726,1.05869429,-0.702738134,-0.154509289,-0.190531075,2
Marmolejos, Jose,Jose Marmolejos,SEA,592530,2021,0.438833174,1.12796753,-0.616897712,-0.17862368,-0.702738134,0.273404098,-0.5898281,1
Moran, Colin,Colin Moran,PIT,592567,2021,0.175118608,0.575806877,0.676429414,0.37052306,-0.702738134,0.865899557,-1.616591881,9
Payton, Mark,Mark Payton,CIN,592622,2021,-1.143454263,0.167688134,-0.32655897,-1.075331647,-0.702738134,-0.483673433,0.43693568,9
Pederson, Joc,Joc Pederson,CHC,592626,2021,0.615872332,0.119674164,0.412485103,0.592962245,-0.702738134,-0.615339091,0.094681086,9
Ramos, Henry,Henry Ramos,ARI,592656,2021,-0.30484192,-0.072381715,-0.089009089,-0.25508715,-0.702738134,0.174654854,-0.247573507,9
Realmuto, J.T.,J.T. Realmuto,PHI,592663,2021,0.354067789,0.311730043,0.742415492,0.711133063,-0.702738134,-0.944503235,1.178487299,2
Renfroe, Hunter,Hunter Renfroe,BOS,592669,2021,1.35145771,0.023646224,0.68962663,1.142108985,-0.702738134,-0.253258533,0.322850815,2
Rosario, Eddie,Eddie Rosario,CLE,592696,2021,0.405433969,-0.312451564,0.68962663,0.683328164,0.113000596,-0.779921163,0.265808383,9
Sampson, Adrian,Adrian Sampson,CHC,592716,2021,-1.143454263,-1.824891613,-2.728452204,-2.340454516,1.74447806,0.010072783,-0.002291049,8
Sanchez, Aaron,Aaron Sanchez,SF,592717,2021,-1.143454263,-1.824891613,-2.728452204,-2.340454516,-0.702738134,0.010072783,-0.002291049,8
Simmons, Andrelton,Andrelton Simmons,MIN,592743,2021,-0.838134252,-0.120395685,0.214526869,-0.435818989,1.132674011,0.372153341,-0.304615939,7
Smith, Caleb,Caleb Smith,ARI,592761,2021,-1.143454263,-0.864612217,-1.527505587,-1.395087977,1.74447806,-0.220342118,0.151723519,8
Smyly, Drew,Drew Smyly,ATL,592767,2021,-1.143454263,-1.824891613,-1.765055467,-1.833015124,1.74447806,2.281305375,-2.072931338,5
Velasquez, Vince,Vince Velasquez,SD,592826,2021,-1.143454263,-0.216423625,-1.580294449,-1.73569798,1.74447806,0.240487683,-0.304615939,8
Walker, Taijuan,Taijuan Walker,NYM,592836,2021,-1.143454263,-1.344751915,-1.329547353,-1.603624713,1.74447806,-0.319091361,0.265808383,9
Wilkerson, Stevie,Stevie Wilkerson,BAL,592859,2021,-1.143454263,-0.888619202,-0.524517203,-0.894599809,-0.702738134,-0.220342118,0.151723519,8
Williams, Mason,Mason Williams,NYM,592863,2021,0.127170486,0.767862756,0.069357498,-0.02569674,-0.702738134,-0.055760046,-0.019403778,9
Williams, Trevor,Trevor Williams,NYM,592866,2021,-1.143454263,-0.960640157,-0.089009089,-0.950209605,1.74447806,4.684203626,-3.670119441,5
Yelich, Christian,Christian Yelich,MIL,592885,2021,-0.197650868,1.704135167,0.544457258,0.252352242,-0.702738134,-0.714088334,0.893275137,2
Merrifield, Whit,Whit Merrifield,KC,593160,2021,-0.511969064,-0.480500459,0.92717651,0.405279182,-0.702738134,-0.812837577,1.064402434,9
Martinez, Carlos,Carlos Martinez,STL,593372,2021,-1.143454263,-1.824891613,-1.633083312,-1.471551447,1.74447806,0.010072783,-0.002291049,9
Bogaerts, Xander,Xander Bogaerts,BOS,593428,2021,0.679616052,0.647827832,1.164726391,1.086499188,-0.702738134,-0.91158682,0.551020544,2
Bonifacio, Jorge,Jorge Bonifacio,PHI,593528,2021,-1.143454263,0.167688134,-1.527505587,-1.707893082,-0.702738134,0.010072783,-0.002291049,8
Rivas, Webster,Webster Rivas,SD,593590,2021,0.089799194,0.671834817,0.188132438,0.009059383,1.74447806,0.734233899,-0.760955397,7
Alberto, Hanser,Hanser Alberto,KC,593643,2021,-0.795482344,-1.440779855,0.834796001,0.453937754,0.928739329,-0.38492419,0.037638654,9
Polanco, Jorge,Jorge Polanco,MIN,593871,2021,1.209794658,-0.14440267,0.821598786,1.156011434,-0.702738134,-1.109085307,0.722147841,2
Sano, Miguel,Miguel Sano,MIN,593934,2021,1.532968097,0.839883711,0.214526869,0.898816126,-0.702738134,0.635484656,-0.133488643,1
Difo, Wilmer,Wilmer Difo,PIT,594694,2021,-0.37759825,0.167688134,0.821598786,0.328815712,-0.702738134,-0.845753992,1.064402434,2
Calhoun, Kole,Kole Calhoun,ARI,594777,2021,0.119516136,0.143681149,0.372893456,0.252352242,-0.702738134,0.569651827,-1.160252423,9
deGrom, Jacob,Jacob deGrom,NYM,594798,2021,-1.143454263,-1.824891613,2.075334265,0.398327958,-0.702738134,-0.91158682,0.893275137,9
Duvall, Adam,Adam Duvall,MIA,594807,2021,1.962517373,-0.312451564,0.280512947,1.072596739,-0.702738134,-0.450757019,1.064402434,2
Eaton, Adam,Adam Eaton,CWS,594809,2021,-0.152967254,-0.000360761,-0.075811874,-0.067404087,1.255034821,-1.043252478,0.722147841,9
Gosselin, Phil,Phil Gosselin,LAA,594838,2021,-0.292688121,-0.28844458,0.716021061,0.175888772,-0.702738134,-0.977419649,1.406657028,9
Schebler, Scott,Scott Schebler,LAA,594988,2021,-1.143454263,-1.824891613,-0.788461515,-0.706916746,-0.702738134,-0.38492419,0.322850815,8
Kiermaier, Kevin,Kevin Kiermaier,TB,595281,2021,-0.661493141,0.215702103,0.68962663,0.35662061,-0.702738134,-1.504082279,1.406657028,9
Knapp, Andrew,Andrew Knapp,PHI,595284,2021,-0.565100942,-0.312451564,-0.722475437,-0.852892462,0.520869963,-0.417840604,0.379893247,9
Wallach, Chad,Chad Wallach,MIA,595453,2021,-1.143454263,-0.744577293,-0.089009089,-0.48447756,-0.702738134,1.557144259,-1.502507016,9
Alfaro, Jorge,Jorge Alfaro,MIA,595751,2021,-0.574903524,-0.984647142,0.491668396,0.036864281,-0.702738134,-0.417840604,0.95031757,9
Profar, Jurickson,Jurickson Profar,SD,595777,2021,-0.668319781,1.03193959,0.267315731,-0.116062659,0.113000596,-0.220342118,-0.247573507,9
Baez, Javier,Javier Baez,CHC,595879,2021,1.445886633,-0.600535383,0.768809923,1.093450413,-0.702738134,-0.812837577,1.064402434,2
Cave, Jake,Jake Cave,MIN,595909,2021,-0.376430776,-0.480500459,-0.234178461,-0.303745722,1.74447806,-0.483673433,0.665105409,9
Evans, Phillip,Phillip Evans,PIT,595943,2021,-0.163766946,0.887897681,-0.009825796,-0.262038375,-0.702738134,-0.352007776,0.493978112,9
Gallagher, Cam,Cam Gallagher,KC,595956,2021,-0.769073771,-0.264437595,0.57085169,-0.046550414,0.928739329,0.9646488,-1.160252423,7
Hedges, Austin,Austin Hedges,CLE,595978,2021,0.322651233,-0.672556338,-0.379347832,-0.199477354,1.010313201,1.326729358,-1.274337287,7
Heineman, Scott,Scott Heineman,CIN,595981,2021,1.651920226,0.287723058,-1.408730647,-0.25508715,-0.702738134,-1.010336063,1.007360002,9
Lindor, Francisco,Francisco Lindor,NYM,596019,2021,0.711882795,0.839883711,0.306907378,0.52345,0.928739329,-0.648255505,0.608062976,2
Nogowski Jr., John,John Nogowski Jr.,ATL,596056,2021,-0.818410719,0.191695119,0.346499025,-0.185574905,-0.702738134,0.602568242,-0.932082694,9
Odor, Rougned,Rougned Odor,NYY,596059,2021,0.809835358,-0.024367746,-0.062614658,0.294059589,1.74447806,-0.319091361,-0.019403778,9
Slater, Austin,Austin Slater,SF,596103,2021,0.692923111,0.383750998,0.452076749,0.59991347,-0.702738134,-0.582422676,1.007360002,2
Story, Trevor,Trevor Story,COL,596115,2021,0.769729771,0.311730043,0.584048905,0.933572248,-0.702738134,-0.845753992,1.121444866,2
Stubbs, Garrett,Garrett Stubbs,HOU,596117,2021,-1.143454263,-0.552521413,-0.405742263,-0.706916746,1.74447806,-0.845753992,0.836232705,9
Vogelbach, Daniel,Daniel Vogelbach,MIL,596129,2021,0.611780868,2.184274865,0.161738007,0.307962039,-0.702738134,0.832983142,-1.388422152,1
Weaver, Luke,Luke Weaver,ARI,596133,2021,-1.143454263,-0.744577293,-1.342744569,-1.610575938,1.74447806,0.010072783,-0.002291049,8
Sanchez, Gary,Gary Sanchez,NYY,596142,2021,1.37457234,1.007932605,-0.036220227,0.59991347,-0.702738134,0.602568242,-0.817997829,1
Kepler, Max,Max Kepler,MIN,596146,2021,0.726690634,0.815876726,0.056160282,0.530401224,-0.702738134,-0.68117192,0.379893247,2
Gomber, Austin,Austin Gomber,COL,596295,2021,-1.143454263,-1.248723976,-1.48791394,-1.687039408,1.74447806,1.985057646,-1.84476161,7
Quinn, Roman,Roman Quinn,PHI,596451,2021,-1.143454263,0.503785922,-0.44533391,-0.338501845,-0.702738134,-1.701580766,1.862996485,9
Franco, Maikel,Maikel Franco,BAL,596748,2021,0.079985501,-0.624542368,0.042963067,0.1272302,-0.702738134,0.898815971,-0.989125126,9
Garcia, Robel,Robel Garcia,HOU,596825,2021,-0.747882414,-0.19241664,-0.735672652,-0.894599809,0.520869963,-0.648255505,0.208765951,9
Choi, Ji-Man,Ji-Man Choi,TB,596847,2021,0.644285231,1.728142152,0.293710162,0.516498775,-0.702738134,-0.055760046,-0.760955397,1
Bradley Jr., Jackie,Jackie Bradley Jr.,MIL,598265,2021,-0.493367174,-0.264437595,-0.577306066,-0.526184908,-0.702738134,-0.483673433,0.265808383,9
Motter, Taylor,Taylor Motter,COL,600301,2021,-1.143454263,0.647827832,-0.194586814,-0.199477354,-0.702738134,-0.220342118,0.151723519,9
La Stella, Tommy,Tommy La Stella,SF,600303,2021,0.190701744,-0.048374731,0.57085169,0.474791428,-0.702738134,0.240487683,-1.046167558,2
Severino, Pedro,Pedro Severino,BAL,600474,2021,0.07352936,0.119674164,0.544457258,0.321864488,-0.702738134,0.010072783,-0.475743236,9
Nunez, Renato,Renato Nunez,DET,600524,2021,2.02112061,-1.392765885,-0.234178461,0.940523473,-0.702738134,-0.220342118,0.151723519,2
Candelario, Jeimer,Jeimer Candelario,DET,600869,2021,0.06101588,0.671834817,0.847993217,0.738937961,-0.702738134,-0.187425704,0.265808383,2
Daza, Yonathan,Yonathan Daza,COL,602074,2021,-0.864845523,-0.312451564,0.993162588,0.1272302,1.394875746,-0.779921163,0.893275137,9
Urias, Ramon,Ramon Urias,BAL,602104,2021,-0.02317061,0.455771952,0.953570941,0.52345,-0.702738134,-0.121592875,0.151723519,2
Rondon, Jose,Jose Rondon,STL,602922,2021,0.428943879,0.311730043,0.742415492,0.530401224,-0.702738134,-0.220342118,0.493978112,2
Ahmed, Nick,Nick Ahmed,ARI,605113,2021,-0.660382651,-0.0963887,0.188132438,0.016010607,0.928739329,-0.352007776,0.608062976,9
Anderson, Brian,Brian Anderson,MIA,605119,2021,0.116263829,0.527792907,0.557654474,0.287108365,-0.702738134,-0.286174947,0.151723519,2
Barnes, Austin,Austin Barnes,LAD,605131,2021,0.114464251,0.311730043,0.108949144,0.057717955,1.74447806,0.010072783,0.094681086,9
Bell, Josh,Josh Bell,WSH,605137,2021,1.129892429,0.911904666,0.716021061,0.968328371,-0.702738134,0.306320512,-0.304615939,1
Betts, Mookie,Mookie Betts,LAD,605141,2021,0.926082627,1.151974515,0.755612708,1.044791841,-0.702738134,-0.319091361,0.208765951,1
Caratini, Victor,Victor Caratini,SD,605170,2021,-0.205708842,0.527792907,0.267315731,-0.095208985,-0.702738134,0.602568242,-1.046167558,9
Davies, Zach,Zach Davies,CHC,605200,2021,-1.143454263,-1.824891613,-0.405742263,-1.117038995,1.74447806,1.721726331,-1.616591881,7
Davis, J.D.,J.D. Davis,NYM,605204,2021,0.02779203,0.911904666,1.032754235,0.690279389,-0.702738134,0.14173844,0.094681086,2
Garcia, Aramis,Aramis Garcia,OAK,605244,2021,0.28599859,-1.560814779,-0.023023011,-0.129965108,1.74447806,0.734233899,-0.532785668,7
Houser, Adrian,Adrian Houser,MIL,605288,2021,0.853241807,-0.792591262,-1.791449898,-0.852892462,1.74447806,0.010072783,-0.002291049,9
Lopez, Jack,Jack Lopez,BOS,605346,2021,-1.143454263,-0.312451564,-0.696081006,-0.199477354,1.74447806,0.010072783,-0.002291049,9
Machin, Vimael,Vimael Machin,OAK,605353,2021,-1.143454263,0.119674164,-1.078800257,-1.471551447,1.74447806,0.075905611,-0.133488643,8
Martini, Nick,Nick Martini,CHC,605361,2021,-1.143454263,1.368037379,0.834796001,-0.275940824,-0.702738134,0.602568242,-0.646870533,9
Musgrove, Joe,Joe Musgrove,SD,605397,2021,-1.143454263,-1.392765885,-0.92043367,-1.117038995,1.255034821,0.010072783,-0.07644621,9
Nola, Aaron,Aaron Nola,PHI,605400,2021,-1.143454263,0.455771952,-0.841250377,-1.061429198,1.438576035,1.359645772,-1.331379719,7
Panik, Joe,Joe Panik,MIA,605412,2021,-0.61043796,-0.24043061,0.016568635,-0.366306743,0.520869963,-0.121592875,-0.304615939,9
Perez, Michael,Michael Perez,PIT,605421,2021,0.254232961,0.143681149,-0.841250377,-0.324599396,-0.702738134,0.635484656,-0.932082694,8
Ross, Joe,Joe Ross,WSH,605452,2021,-1.143454263,-1.200710006,0.57085169,-0.602648378,1.74447806,-0.483673433,0.43693568,9
Snell, Blake,Blake Snell,SD,605483,2021,-1.143454263,-1.824891613,-1.171180766,-1.520210019,1.74447806,4.289206653,-3.441949712,5
Thompson, Zach,Zach Thompson,MIA,605507,2021,-1.143454263,-1.824891613,-0.973222533,-0.950209605,1.74447806,1.622977088,-1.559549448,7
Woodruff, Brandon,Brandon Woodruff,MIL,605540,2021,-1.143454263,-0.576528398,-1.210772413,-1.541063692,1.74447806,4.684203626,-3.670119441,5
Zimmer, Bradley,Bradley Zimmer,CLE,605548,2021,-0.021564835,0.239709088,0.267315731,0.05076673,-0.702738134,-1.174918135,1.520741892,9
Castro, Harold,Harold Castro,DET,605612,2021,-0.744115032,-0.840605232,1.006359804,0.155035098,0.384913506,0.010072783,-0.304615939,9
Arcia, Orlando,Orlando Arcia,ATL,606115,2021,-0.108130384,0.071660194,-0.11540352,-0.192526129,-0.702738134,0.14173844,0.037638654,9
Tapia, Raimel,Raimel Tapia,COL,606132,2021,-0.626855265,-0.024367746,0.874387648,0.245401018,-0.213294895,-1.174918135,0.893275137,9
Aquino, Aristides,Aristides Aquino,CIN,606157,2021,1.266351304,1.344030394,-0.220981245,0.495645101,-0.702738134,-0.352007776,0.893275137,2
Hernandez, Teoscar,Teoscar Hernandez,TOR,606192,2021,1.296145271,-0.360465534,1.177923606,1.30198715,-0.702738134,-0.747004748,1.007360002,2
Mercedes, Yermin,Yermin Mercedes,CWS,606213,2021,0.079522084,-0.000360761,0.847993217,0.467840203,-0.702738134,0.108822026,-0.190531075,9
Peraza, Jose,Jose Peraza,NYM,606299,2021,0.628261948,-0.432486489,-0.036220227,0.301010814,-0.702738134,-0.417840604,0.493978112,9
Marte, Ketel,Ketel Marte,ARI,606466,2021,0.583100577,0.167688134,1.468262349,1.357596946,-0.702738134,-0.154509289,-0.019403778,2
Greiner, Grayson,Grayson Greiner,DET,606988,2021,-0.561084576,0.815876726,0.386090672,-0.02569674,1.74447806,0.405069755,-0.133488643,7
Haase, Eric,Eric Haase,DET,606992,2021,1.484675599,-0.19241664,0.320104594,0.850157554,-0.702738134,-0.220342118,0.665105409,2
Hager, Jake,Jake Hager,ARI,606993,2021,-1.143454263,1.368037379,-1.210772413,-1.541063692,-0.702738134,-0.286174947,0.208765951,8
Nimmo, Brandon,Brandon Nimmo,NYM,607043,2021,-0.111315979,1.536086273,1.125134744,0.697230613,1.74447806,-1.20783455,1.235529731,9
Peterson, Jace,Jace Peterson,MIL,607054,2021,-0.172088622,1.199988484,0.531260043,0.210644895,-0.702738134,-0.779921163,0.779190273,2
Wilson, Jacob,Jacob Wilson,HOU,607111,2021,-1.143454263,-0.672556338,-0.748869868,-0.25508715,-0.702738134,0.536735413,-0.5898281,8
Fedde, Erick,Erick Fedde,WSH,607200,2021,-1.143454263,-1.27273096,-2.728452204,-2.340454516,1.336608693,1.030481629,-1.046167558,8
Turner, Trea,Trea Turner,WSH,607208,2021,0.829751269,-0.312451564,1.600234505,1.385401844,-0.702738134,-1.438249451,2.262293511,2
Gant, John,John Gant,STL,607231,2021,-1.143454263,-1.824891613,-2.728452204,-2.340454516,1.74447806,0.010072783,-0.002291049,8
Smith, Kevan,Kevan Smith,ATL,607345,2021,-1.143454263,0.431764968,-0.511319988,-0.950209605,-0.702738134,0.832983142,-0.760955397,8
Beaty, Matt,Matt Beaty,LAD,607461,2021,0.295341402,0.215702103,0.834796001,0.453937754,-0.702738134,-0.319091361,0.208765951,2
Blandino, Alex,Alex Blandino,CIN,607468,2021,-1.143454263,0.527792907,-0.089009089,-0.553989806,-0.702738134,1.096314457,-0.989125126,8
Freeland, Kyle,Kyle Freeland,COL,607536,2021,-1.143454263,-0.624542368,-0.32655897,-0.866794911,1.255034821,1.030481629,-1.046167558,7
Pillar, Kevin,Kevin Pillar,NYM,607680,2021,0.791804983,-1.056668096,0.320104594,0.544303673,-0.702738134,-0.516589848,0.493978112,2
Stallings, Jacob,Jacob Stallings,PIT,607732,2021,-0.24654268,0.93591165,0.518062827,0.224547344,-0.702738134,1.063398043,-1.502507016,9
Ramirez, Jose,Jose Ramirez,CLE,608070,2021,1.591151189,0.887897681,0.782007139,1.399304293,-0.702738134,-0.747004748,0.836232705,2
Bregman, Alex,Alex Bregman,HOU,608324,2021,0.302429102,0.815876726,0.834796001,0.592962245,-0.702738134,0.372153341,-0.646870533,9
De Jong, Chase,Chase De Jong,PIT,608328,2021,-1.143454263,-1.824891613,-1.633083312,-1.179600016,1.74447806,1.227980115,-1.217294855,7
Fried, Max,Max Fried,ATL,608331,2021,-1.143454263,-0.384472519,0.874387648,-0.067404087,1.74447806,0.306320512,-0.361658372,7
Gallo, Joey,Joey Gallo,TEX,608336,2021,2.056070744,2.496365669,-0.102206305,0.843206329,-0.702738134,-0.121592875,0.379893247,1
Kelly, Carson,Carson Kelly,ARI,608348,2021,0.649631342,1.12796753,0.438879534,0.516498775,-0.702738134,0.767150313,-0.646870533,9
Seager, Corey,Corey Seager,LAD,608369,2021,0.757083622,0.98392562,1.309895762,1.281133476,-0.702738134,0.108822026,-0.133488643,1
Williams, Nick,Nick Williams,CWS,608384,2021,-1.143454263,0.023646224,-2.728452204,-2.340454516,-0.702738134,0.010072783,-0.002291049,8
Winker, Jesse,Jesse Winker,CIN,608385,2021,1.235587858,0.791869741,1.296698546,1.524426335,-0.702738134,0.339236926,-0.532785668,1
Godoy, Jose,Jose Godoy,SEA,608422,2021,-1.143454263,-0.024367746,-0.590503281,-1.026673075,-0.702738134,0.536735413,-0.5898281,8
Marquez, German,German Marquez,COL,608566,2021,-0.352310524,-1.824891613,0.755612708,0.544303673,1.74447806,1.162147286,-1.160252423,7
Mazara, Nomar,Nomar Mazara,DET,608577,2021,-0.381079414,0.167688134,0.069357498,-0.109111435,-0.702738134,-0.121592875,-0.190531075,9
Murphy, Tom,Tom Murphy,SEA,608596,2021,0.521660483,1.12796753,-0.062614658,0.092474077,-0.702738134,0.14173844,0.151723519,1
Guzman, Ronald,Ronald Guzman,TEX,608597,2021,1.477209308,-0.408479504,-1.897027623,-0.602648378,-0.702738134,1.425478601,-1.388422152,7
Jankowski, Travis,Travis Jankowski,PHI,608671,2021,-0.823373207,1.536086273,0.597246121,0.099425302,1.74447806,-1.142001721,1.121444866,9
Mayfield, Jack,Jack Mayfield,LAA,608686,2021,0.432884728,-0.408479504,0.148540791,0.349669386,1.132674011,-0.615339091,0.265808383,9
Plawecki, Kevin,Kevin Plawecki,BOS,608700,2021,-0.34223229,-0.168409655,1.059148666,0.363571835,1.74447806,0.536735413,-0.760955397,7
Refsnyder, Rob,Rob Refsnyder,MIN,608701,2021,-0.540136039,0.767862756,0.504865612,0.009059383,-0.702738134,-0.450757019,0.322850815,2
Mondesi, Adalberto,Adalberto Mondesi,KC,609275,2021,0.853241807,-0.768584278,0.306907378,0.801498982,1.74447806,-1.010336063,1.007360002,9
Andujar, Miguel,Miguel Andujar,NYY,609280,2021,0.490206146,-0.792591262,0.610443336,0.321864488,-0.702738134,-0.38492419,0.493978112,2
Vosler, Jason,Jason Vosler,SF,613564,2021,0.579721766,0.215702103,-0.379347832,0.134181425,-0.702738134,0.075905611,-0.190531075,2
Cordero, Franchy,Franchy Cordero,BOS,614173,2021,-0.813291913,-0.408479504,-0.234178461,-0.533136132,1.74447806,-1.043252478,1.064402434,9
Reyes, Franmil,Franmil Reyes,CLE,614177,2021,1.865920175,0.383750998,0.623640552,1.2880847,-0.702738134,0.602568242,-0.361658372,1
Torrens, Luis,Luis Torrens,SEA,620443,2021,0.674347051,-0.048374731,0.478471181,0.655523266,-0.702738134,0.14173844,0.037638654,2
Robertson, Daniel,Daniel Robertson,MIL,621002,2021,0.005329757,1.368037379,-0.56410885,-0.435818989,0.520869963,0.602568242,-0.133488643,1
Lopes, Tim,Tim Lopes,MIL,621005,2021,-1.143454263,0.359744013,-1.408730647,-1.645332061,-0.702738134,0.010072783,-0.002291049,8
Martin Jr., Richie,Richie Martin Jr.,BAL,621006,2021,-0.715590807,-0.912626187,0.372893456,-0.352404294,0.520869963,-1.142001721,1.520741892,9
Schrock, Max,Max Schrock,CIN,621011,2021,-0.137119452,-0.384472519,1.072345881,0.773694084,-0.702738134,-0.779921163,0.265808383,9
Swanson, Dansby,Dansby Swanson,ATL,621020,2021,0.781931203,0.095667179,0.544457258,0.780645308,-0.39683611,-0.845753992,0.95031757,2
Newman, Kevin,Kevin Newman,PIT,621028,2021,-0.737935717,-0.648549353,0.254118516,-0.192526129,0.928739329,-0.714088334,0.95031757,9
Taylor, Chris,Chris Taylor,LAD,621035,2021,0.510613484,0.767862756,0.623640552,0.704181838,-0.090934086,-0.747004748,1.178487299,2
Correa, Carlos,Carlos Correa,HOU,621043,2021,0.820862942,0.98392562,0.953570941,1.030889392,-0.702738134,-0.121592875,0.094681086,1
Eflin, Zach,Zach Eflin,PHI,621107,2021,-1.143454263,-1.176703021,-2.728452204,-2.340454516,1.74447806,2.676302348,-2.3581435,5
Buehler, Walker,Walker Buehler,LAD,621111,2021,-1.143454263,-0.360465534,-1.395533431,-1.436795324,1.74447806,1.162147286,-1.160252423,7
Mills, Alec,Alec Mills,CHC,621219,2021,-1.143454263,-1.824891613,-2.319338522,-1.902527369,1.74447806,0.010072783,-0.002291049,8
Dahl, David,David Dahl,TEX,621311,2021,-0.325295885,-0.744577293,0.042963067,-0.10216021,-0.090934086,-0.845753992,0.551020544,9
Phillips, Brett,Brett Phillips,TB,621433,2021,1.011083367,0.887897681,-0.009825796,0.627718368,0.520869963,-1.339500207,1.007360002,2
Taylor, Tyrone,Tyrone Taylor,MIL,621438,2021,0.927193494,-0.048374731,0.531260043,0.836255105,-0.702738134,-0.319091361,1.064402434,2
Buxton, Byron,Byron Buxton,MIN,621439,2021,2.246680746,-0.600535383,1.309895762,2.156987769,-0.702738134,-1.866162838,1.862996485,2
Brinson, Lewis,Lewis Brinson,MIA,621446,2021,0.233828768,-0.744577293,0.254118516,0.273205916,0.520869963,-0.779921163,1.064402434,9
Bolt, Skye,Skye Bolt,OAK,621450,2021,-0.407829386,-1.41677287,-1.567097234,-1.242161037,1.74447806,-1.240750964,1.292572163,9
Duggar, Steven,Steven Duggar,SF,621453,2021,0.108205939,0.359744013,0.663232199,0.697230613,-0.702738134,-0.878670406,1.007360002,2
Rios, Edwin,Edwin Rios,LAD,621458,2021,-0.321285305,0.98392562,-1.699069389,-1.388136752,-0.702738134,-0.220342118,-0.247573507,8
Stewart, DJ,DJ Stewart,BAL,621466,2021,0.720128702,1.488072303,-0.036220227,0.259303467,-0.702738134,-0.286174947,-0.019403778,1
Ward, Taylor,Taylor Ward,LAA,621493,2021,0.469261761,0.191695119,0.57085169,0.704181838,0.928739329,-0.615339091,0.893275137,9
Mathisen, Wyatt,Wyatt Mathisen,ARI,621500,2021,-0.145106228,0.527792907,-1.157983551,-1.019721851,-0.702738134,0.010072783,-0.002291049,8
Nido, Tomas,Tomas Nido,NYM,621512,2021,-0.321285305,-1.080675081,0.201329653,-0.067404087,-0.702738134,0.800066728,-0.646870533,9
Bemboom, Anthony,Anthony Bemboom,LAA,621532,2021,-1.143454263,-0.960640157,0.201329653,-0.797282665,-0.702738134,-0.088676461,0.037638654,9
Wisdom, Patrick,Patrick Wisdom,CHC,621550,2021,2.330087997,0.215702103,0.320104594,1.260279802,-0.702738134,-0.483673433,0.779190273,2
Moroff, Max,Max Moroff,STL,621559,2021,-1.143454263,-1.824891613,-1.897027623,-1.902527369,-0.702738134,0.010072783,-0.002291049,8
Wendle, Joey,Joey Wendle,TB,621563,2021,-0.140765612,-0.480500459,0.768809923,0.592962245,-0.702738134,-0.878670406,0.665105409,9
Olson, Matt,Matt Olson,OAK,621566,2021,1.750871535,1.320023409,0.847993217,1.413206742,-0.702738134,0.273404098,-0.475743236,1
Dean, Austin,Austin Dean,STL,621573,2021,0.254232961,1.968212001,0.346499025,0.440035305,-0.702738134,-0.549506262,0.493978112,2
Wood, Alex,Alex Wood,SF,622072,2021,-1.143454263,0.719848786,-2.728452204,-2.340454516,1.74447806,2.742135177,-2.415185932,4
Jones, Taylor,Taylor Jones,HOU,622100,2021,-0.321285305,-0.936633172,0.504865612,0.453937754,-0.702738134,0.635484656,-0.247573507,9
Duffy, Matt,Matt Duffy,CHC,622110,2021,-0.418011063,0.047653209,1.059148666,0.307962039,-0.702738134,0.339236926,-0.190531075,9
Munoz, Yairo,Yairo Munoz,BOS,622168,2021,-1.143454263,-1.824891613,-1.527505587,-1.707893082,-0.702738134,0.010072783,-0.002291049,8
Walton, Donovan,Donovan Walton,SEA,622268,2021,0.18767645,-0.432486489,-0.009825796,0.196742446,1.74447806,-0.220342118,0.151723519,9
Castillo, Luis,Luis Castillo,CIN,622491,2021,-1.143454263,-1.41677287,-0.577306066,-0.922404707,1.74447806,0.9646488,-0.989125126,7
Crismatt, Nabil,Nabil Crismatt,STL,622503,2021,-1.143454263,-1.824891613,-2.728452204,-2.340454516,1.74447806,0.010072783,-0.002291049,8
Margot, Manuel,Manuel Margot,TB,622534,2021,-0.147477614,0.095667179,0.623640552,0.314913263,-0.213294895,-0.977419649,1.064402434,9
Reyes, Pablo,Pablo Reyes,MIL,622569,2021,-0.605882241,0.647827832,0.650034983,0.155035098,-0.702738134,-0.220342118,0.608062976,2
Senzatela, Antonio,Antonio Senzatela,COL,622608,2021,-1.143454263,-1.824891613,-2.05539421,-1.985942064,1.74447806,2.676302348,-2.3581435,5
Camargo, Johan,Johan Camargo,ATL,622666,2021,-1.143454263,0.839883711,-2.728452204,-2.340454516,-0.702738134,2.281305375,-2.072931338,4
Reyes, Victor,Victor Reyes,DET,622682,2021,-0.14032945,-0.960640157,0.676429414,0.551254898,0.928739329,-0.714088334,1.178487299,9
Hernandez, Elieser,Elieser Hernandez,MIA,622694,2021,-1.143454263,-1.824891613,-1.791449898,-1.846917573,1.74447806,0.010072783,-0.002291049,9
Mateo, Jorge,Jorge Mateo,BAL,622761,2021,-0.278905444,-0.792591262,0.531260043,0.273205916,0.520869963,-1.471165865,2.091166214,9
Velazquez, Andrew,Andrew Velazquez,NYY,623205,2021,-0.517624162,-1.46478684,0.227724085,0.148083874,-0.702738134,-1.372416622,1.46369946,9
Giambrone, Trent,Trent Giambrone,CHC,623508,2021,-1.143454263,-1.824891613,-0.696081006,-1.269965935,-0.702738134,-0.747004748,0.722147841,8
Bote, David,David Bote,CHC,623520,2021,0.009277482,0.167688134,-0.102206305,-0.046550414,-0.090934086,-0.286174947,0.265808383,9
Ramirez, Harold,Harold Ramirez,CLE,623912,2021,-0.277630292,-0.888619202,0.80840157,0.426132856,-0.702738134,-0.779921163,1.064402434,9
Santander, Anthony,Anthony Santander,BAL,623993,2021,0.715538599,-0.552521413,0.452076749,0.669425715,-0.213294895,0.43798617,-0.361658372,2
Suarez, Ranger,Ranger Suarez,PHI,624133,2021,-1.143454263,-0.792591262,-0.247375676,-0.164721231,1.74447806,2.742135177,-2.415185932,5
Alonso, Pete,Pete Alonso,NYM,624413,2021,1.622023151,0.431764968,0.729218277,1.267231027,-0.702738134,0.042989197,-0.418700804,1
Arroyo, Christian,Christian Arroyo,BOS,624414,2021,0.390592711,-0.768584278,0.729218277,0.75284041,1.74447806,-0.38492419,0.665105409,9
Biggio, Cavan,Cavan Biggio,TOR,624415,2021,0.030603017,1.199988484,0.227724085,0.134181425,-0.213294895,-0.516589848,0.893275137,2
Conforto, Michael,Michael Conforto,NYM,624424,2021,0.302429102,1.12796753,0.333301809,0.328815712,-0.702738134,-0.154509289,0.151723519,9
Frazier, Adam,Adam Frazier,PIT,624428,2021,-0.780104039,-0.024367746,1.296698546,0.516498775,1.132674011,-0.483673433,0.208765951,9
Trevino, Jose,Jose Trevino,TEX,624431,2021,-0.407829386,-0.864612217,0.425682318,0.022961832,0.276148343,0.931732385,-1.274337287,9
Gordon, Nick,Nick Gordon,MIN,624503,2021,-0.30484192,-0.480500459,0.438879534,0.1272302,-0.702738134,-0.450757019,0.665105409,9
McGuire, Reese,Reese McGuire,TOR,624512,2021,-0.931683471,-0.168409655,0.610443336,0.043815506,0.520869963,-0.088676461,-0.247573507,9
Nunez, Dom,Dom Nunez,COL,624513,2021,0.695607887,1.272009439,-0.234178461,0.433084081,-0.702738134,0.503818998,-0.817997829,1
Soler, Jorge,Jorge Soler,KC,624585,2021,1.05058964,0.839883711,0.214526869,0.662474491,-0.702738134,0.339236926,0.094681086,2
Sosa, Edmundo,Edmundo Sosa,STL,624641,2021,-0.269899753,-0.576528398,0.847993217,0.363571835,0.113000596,-0.878670406,1.691869189,9
Heredia, Guillermo,Guillermo Heredia,ATL,628338,2021,-0.456067081,0.383750998,0.174935222,0.120278976,-0.702738134,-0.68117192,0.608062976,9
Hernandez, Yadiel,Yadiel Hernandez,WSH,628450,2021,0.28599859,-0.000360761,0.874387648,0.530401224,-0.702738134,0.240487683,-0.817997829,9
Ibanez, Andy,Andy Ibanez,TEX,628451,2021,0.016681381,-0.504507444,0.92717651,0.683328164,0.520869963,-0.779921163,0.722147841,9
Urias, Julio,Julio Urias,LAD,628711,2021,-1.143454263,-1.824891613,-0.049417442,-0.693014297,1.74447806,3.334630636,-2.814482957,5
Cronenworth, Jake,Jake Cronenworth,SD,630105,2021,0.409531555,0.239709088,0.782007139,0.857108778,0.520869963,-1.010336063,1.007360002,9
Crowe, Wil,Wil Crowe,PIT,640444,2021,-1.143454263,-1.248723976,-1.976210917,-1.742649204,1.74447806,2.906717249,-2.529270796,5
Frazier, Clint,Clint Frazier,NYY,640449,2021,0.002190998,1.704135167,-0.273770107,-0.136916333,-0.702738134,0.174654854,0.208765951,1
Meadows, Austin,Austin Meadows,TB,640457,2021,1.042118439,0.575806877,0.35969624,0.843206329,-0.702738134,-0.549506262,0.43693568,2
Mercado, Oscar,Oscar Mercado,CLE,640458,2021,0.032170509,0.287723058,0.227724085,0.224547344,1.74447806,-0.68117192,1.235529731,9
Pinder, Chad,Chad Pinder,OAK,640461,2021,0.032170509,-0.168409655,0.478471181,0.516498775,-0.702738134,0.075905611,-0.07644621,9
Alzolay, Adbert,Adbert Alzolay,CHC,640470,2021,-1.143454263,-1.104682066,-1.870633192,-1.666185734,1.74447806,1.721726331,-1.616591881,7
Lopez, Pablo,Pablo Lopez,MIA,641154,2021,-1.143454263,-1.824891613,-1.923422054,-1.499356345,1.74447806,1.425478601,-1.388422152,7
Anderson, Tim,Tim Anderson,CWS,641313,2021,0.20914631,-0.864612217,1.349487409,0.919669799,-0.702738134,-0.812837577,0.722147841,2
Bauers, Jake,Jake Bauers,SEA,641343,2021,-0.548693743,0.455771952,0.029765851,-0.414965315,-0.702738134,-0.483673433,0.43693568,9
Bellinger, Cody,Cody Bellinger,LAD,641355,2021,0.18767645,0.311730043,-0.550911634,-0.241184701,-0.702738134,-1.043252478,0.779190273,9
Calhoun, Willie,Willie Calhoun,TEX,641432,2021,-0.17582464,-0.048374731,0.57085169,0.307962039,-0.702738134,0.207571269,-0.361658372,9
Collins, Zack,Zack Collins,CWS,641470,2021,-0.283339019,1.704135167,0.042963067,0.009059383,1.74447806,0.470902584,-0.875040262,7
Crawford, J.P.,J.P. Crawford,SEA,641487,2021,-0.533800701,0.191695119,0.874387648,0.273205916,-0.213294895,-0.516589848,0.43693568,2
Davis, Jonathan,Jonathan Davis,TOR,641505,2021,-0.661493141,0.98392562,-1.065603042,-1.144843893,-0.702738134,-0.747004748,1.178487299,9
Dozier, Hunter,Hunter Dozier,KC,641531,2021,0.234142996,0.071660194,0.12214636,0.398327958,-0.702738134,-0.417840604,0.836232705,9
Engel, Adam,Adam Engel,CWS,641553,2021,1.242841016,0.071660194,0.597246121,1.107352862,-0.702738134,-1.339500207,1.691869189,2
Fargas, Johneshwy,Johneshwy Fargas,CHC,641561,2021,-1.143454263,-1.3687589,0.57085169,0.335766937,1.74447806,-0.319091361,0.893275137,9
Fowler, Dustin,Dustin Fowler,PIT,641583,2021,-1.143454263,-0.264437595,-0.471728341,-0.984965728,-0.702738134,-0.845753992,0.836232705,9
Fraley, Jake,Jake Fraley,SEA,641584,2021,0.619982916,2.35232376,0.042963067,0.224547344,0.113000596,-0.878670406,0.551020544,2
Garver, Mitch,Mitch Garver,MIN,641598,2021,1.489869503,1.248002454,0.650034983,1.253328578,-0.702738134,0.405069755,-0.646870533,1
Guillorme, Luis,Luis Guillorme,NYM,641645,2021,-0.825798055,1.704135167,0.768809923,-0.17862368,1.74447806,-0.319091361,-0.475743236,7
Hampson, Garrett,Garrett Hampson,COL,641658,2021,-0.125271495,-0.216423625,0.35969624,0.301010814,0.765591582,-1.273667379,1.805954053,9
Heim, Jonah,Jonah Heim,TEX,641680,2021,0.438833174,-0.552521413,-0.141797952,0.148083874,-0.090934086,0.536735413,-0.418700804,9
Hermosillo, Michael,Michael Hermosillo,CHC,641684,2021,2.350763817,-1.200710006,-0.168192383,1.13515776,-0.702738134,-0.845753992,0.836232705,2
Kuhl, Chad,Chad Kuhl,PIT,641771,2021,-1.143454263,-0.816598247,-2.094985857,-2.006795737,1.74447806,3.071299321,-2.643355661,5
Lauer, Eric,Eric Lauer,MIL,641778,2021,0.469261761,0.119674164,-0.696081006,-0.470575111,1.394875746,0.010072783,-0.002291049,9
Lewis, Kyle,Kyle Lewis,SEA,641786,2021,0.469261761,0.791869741,0.518062827,0.384425509,-0.702738134,-0.352007776,0.551020544,2
Locastro, Tim,Tim Locastro,ARI,641796,2021,-0.540136039,-0.744577293,-0.352953401,-0.588745929,-0.702738134,-1.635747937,2.262293511,9
Mahle, Tyler,Tyler Mahle,CIN,641816,2021,-1.143454263,-0.360465534,-2.002605348,-1.958137165,1.74447806,0.372153341,-0.532785668,8
Mancini III, Trey,Trey Mancini III,BAL,641820,2021,0.440256089,0.167688134,0.636837767,0.662474491,-0.702738134,0.273404098,-0.07644621,2
Martin, Jason,Jason Martin,TEX,641829,2021,0.603654798,-0.576528398,0.016568635,0.120278976,0.520869963,-0.582422676,0.43693568,9
McKinney, Billy,Billy McKinney,MIL,641856,2021,0.280604426,0.743855771,-0.194586814,0.148083874,-0.702738134,-0.648255505,0.493978112,2
McMahon, Ryan,Ryan McMahon,COL,641857,2021,0.683068829,0.551799892,0.623640552,0.780645308,-0.702738134,0.042989197,-0.247573507,1
Neuse, Sheldon,Sheldon Neuse,LAD,641914,2021,0.791804983,-1.46478684,-0.498122772,-0.095208985,-0.702738134,-0.220342118,0.151723519,2
Nottingham, Jacob,Jacob Nottingham,SEA,641924,2021,2.001342022,-0.768584278,-0.748869868,0.440035305,-0.702738134,0.832983142,-0.875040262,7
O'Neill, Tyler,Tyler O'Neill,STL,641933,2021,1.814307108,-0.120395685,1.04595145,1.552231233,-0.702738134,-1.109085307,1.691869189,2
Palacios, Josh,Josh Palacios,TOR,641943,2021,-1.143454263,-0.120395685,-0.089009089,-0.950209605,0.520869963,-0.91158682,0.893275137,9
Rogers, Josh,Josh Rogers,WSH,642028,2021,-1.143454263,-0.120395685,-2.728452204,-2.340454516,1.74447806,0.010072783,-0.002291049,8
Sisco, Chance,Chance Sisco,BAL,642082,2021,-1.143454263,0.191695119,-0.762067084,-1.026673075,-0.702738134,1.030481629,-1.046167558,8
Smith, Dominic,Dominic Smith,NYM,642086,2021,-0.109291066,-0.264437595,0.491668396,0.182839997,-0.702738134,-0.352007776,-0.304615939,9
Smith, Riley,Riley Smith,ARI,642092,2021,-1.143454263,-1.824891613,-2.728452204,-2.340454516,1.74447806,0.010072783,-0.002291049,8
Tellez, Rowdy,Rowdy Tellez,MIL,642133,2021,0.409531555,-0.120395685,0.465273965,0.537352449,-0.702738134,0.66840107,-0.932082694,2
Valaika, Pat,Pat Valaika,BAL,642162,2021,-0.333982902,-0.456493474,-0.075811874,-0.324599396,-0.090934086,-0.187425704,0.151723519,9
VanMeter, Josh,Josh VanMeter,ARI,642165,2021,-0.225265576,0.719848786,0.069357498,0.120278976,-0.702738134,-0.549506262,0.094681086,9
Wade, Tyler,Tyler Wade,NYY,642180,2021,-1.143454263,0.815876726,0.80840157,-0.095208985,-0.702738134,-1.405333036,1.349614595,9
White, Eli,Eli White,TEX,642201,2021,0.127170486,0.143681149,-0.392545047,-0.199477354,-0.702738134,-1.339500207,2.148208647,9
Widener, Taylor,Taylor Widener,ARI,642203,2021,-1.143454263,-0.480500459,-1.897027623,-1.902527369,1.74447806,2.676302348,-2.3581435,5
Williams, Justin,Justin Williams,STL,642211,2021,0.26597823,1.151974515,-0.616897712,-0.526184908,-0.702738134,0.339236926,0.151723519,1
Wong, Kean,Kean Wong,LAA,642221,2021,-1.143454263,-1.104682066,-0.524517203,-0.720819195,1.74447806,-0.615339091,0.493978112,9
Mejia, Francisco,Francisco Mejia,TB,642336,2021,-0.137119452,-0.360465534,0.702823845,0.551254898,0.113000596,-0.68117192,0.151723519,9
Siri, Jose,Jose Siri,HOU,642350,2021,2.502686368,-1.344751915,1.283501331,1.892841236,-0.702738134,-1.635747937,2.091166214,2
Sierra, Magneuris,Magneuris Sierra,MIA,642423,2021,-1.143454263,-0.216423625,0.306907378,-0.477526336,1.74447806,-1.73449718,1.235529731,9
Peralta, Freddy,Freddy Peralta,MIL,642547,2021,-1.143454263,-1.296737945,-1.501111156,-1.693990632,1.74447806,2.281305375,-2.072931338,7
Rosario, Amed,Amed Rosario,CLE,642708,2021,-0.30484192,-0.552521413,0.993162588,0.502596326,-0.702738134,-1.240750964,1.577784324,9
Adames, Willy,Willy Adames,MIL,642715,2021,0.965731715,0.647827832,0.729218277,1.003084494,-0.702738134,-0.549506262,0.722147841,2
Gutierrez, Kelvin,Kelvin Gutierrez,BAL,642721,2021,-0.680984211,-0.28844458,0.333301809,-0.143867557,-0.702738134,-0.648255505,0.893275137,9
Alcantara, Sergio,Sergio Alcantara,CHC,642727,2021,-0.19048568,1.007932605,-0.023023011,-0.067404087,0.113000596,-0.121592875,0.265808383,9
Estrada, Thairo,Thairo Estrada,SF,642731,2021,1.282283932,-0.19241664,0.874387648,0.989182045,-0.702738134,-0.845753992,1.007360002,2
Leyba, Domingo,Domingo Leyba,BAL,642736,2021,-0.661493141,0.167688134,-1.210772413,-1.221307363,-0.702738134,0.108822026,-0.190531075,8
Wynns, Austin,Austin Wynns,BAL,642851,2021,0.146718582,-0.432486489,-0.286967323,-0.199477354,1.74447806,1.063398043,-0.932082694,7
Benintendi, Andrew,Andrew Benintendi,KC,643217,2021,0.302429102,-0.216423625,0.913979295,0.731986736,-0.35313582,-0.582422676,0.493978112,9
Cooper, Garrett,Garrett Cooper,MIA,643265,2021,0.611780868,1.055946575,1.019557019,0.891864901,-0.702738134,0.207571269,-0.361658372,1
Craig, Will,Will Craig,PIT,643269,2021,-0.44461063,0.023646224,0.135343576,-0.25508715,-0.702738134,0.602568242,-0.418700804,9
Dubon, Mauricio,Mauricio Dubon,SF,643289,2021,0.054563387,-0.672556338,0.438879534,0.28015714,-0.702738134,-0.714088334,0.665105409,2
Jansen, Danny,Danny Jansen,TOR,643376,2021,1.363267426,0.167688134,0.214526869,0.947474697,1.74447806,-0.286174947,0.493978112,9
Kemp, Tony,Tony Kemp,OAK,643393,2021,-0.126954464,1.320023409,0.953570941,0.565157347,0.384913506,-0.483673433,-0.07644621,2
Kiner-Falefa, Isiah,Isiah Kiner-Falefa,TEX,643396,2021,-0.615194528,-0.840605232,0.847993217,0.141132649,0.113000596,-0.878670406,0.722147841,9
Long Jr., Shed,Shed Long Jr.,SEA,643418,2021,0.367558965,-0.048374731,-0.11540352,0.161986323,1.74447806,-0.450757019,-0.133488643,9
McNeil, Jeff,Jeff McNeil,NYM,643446,2021,-0.383054471,-0.19241664,0.584048905,0.161986323,-0.702738134,-1.306583793,0.151723519,9
Schwindel, Frank,Frank Schwindel,CHC,643524,2021,1.282283932,-0.336458549,1.573840073,1.767719195,-0.702738134,-0.088676461,-0.304615939,2
Tauchman, Mike,Mike Tauchman,SF,643565,2021,-0.133077927,1.055946575,-0.339756185,-0.373257968,1.74447806,-0.747004748,0.322850815,9
Chang, Yu,Yu Chang,CLE,644374,2021,0.448847672,-0.768584278,0.280512947,0.620767143,-0.702738134,-0.121592875,0.893275137,2
Tromp, Chadwick,Chadwick Tromp,SF,644433,2021,1.186024485,-1.824891613,0.201329653,0.363571835,-0.702738134,0.010072783,-0.002291049,2
Alcantara, Sandy,Sandy Alcantara,MIA,645261,2021,-1.143454263,-0.696563323,-2.279746875,-1.978990839,1.74447806,1.293812944,-1.274337287,8
Albies, Ozzie,Ozzie Albies,ATL,645277,2021,0.856416206,-0.168409655,0.68962663,1.051743066,-0.702738134,-1.536998694,0.95031757,2
Robles, Victor,Victor Robles,WSH,645302,2021,-0.877228137,0.311730043,-0.049417442,-0.289843273,1.255034821,-0.516589848,0.893275137,9
Ford, Mike,Mike Ford,NYY,645801,2021,0.953076593,1.848177077,-0.973222533,-0.373257968,-0.702738134,2.281305375,-2.072931338,7
Devers, Rafael,Rafael Devers,BOS,646240,2021,1.552592171,0.407757983,0.953570941,1.399304293,-0.702738134,-0.648255505,0.037638654,2
Naylor, Josh,Josh Naylor,CLE,647304,2021,0.116263829,-0.480500459,0.610443336,0.433084081,-0.702738134,0.108822026,-0.304615939,9
Toro, Abraham,Abraham Toro,SEA,647351,2021,0.233371976,0.167688134,0.425682318,0.252352242,-0.702738134,-0.878670406,0.779190273,9
Diaz, Aledmys,Aledmys Diaz,HOU,649557,2021,-0.002485104,-0.624542368,0.68962663,0.474791428,-0.702738134,-0.648255505,0.208765951,2
Urias, Luis,Luis Urias,MIL,649966,2021,0.824717582,0.839883711,0.557654474,0.75284041,-0.090934086,0.240487683,-0.133488643,1
Diaz, Lewin,Lewin Diaz,MIA,650331,2021,1.606094381,-0.696563323,-0.023023011,0.794547757,-0.702738134,0.66840107,-0.703912965,7
Arraez, Luis,Luis Arraez,MIN,650333,2021,-0.947516808,0.335737028,1.151529175,0.273205916,-0.702738134,-0.483673433,0.037638654,2
Jimenez, Eloy,Eloy Jimenez,CWS,650391,2021,0.825119319,-0.168409655,0.557654474,0.697230613,-0.702738134,-0.352007776,0.43693568,2
Torres, Gleyber,Gleyber Torres,NYY,650402,2021,-0.321285305,0.503785922,0.68962663,0.20369367,0.113000596,-0.220342118,0.151723519,2
Castro, Willi,Willi Castro,DET,650489,2021,-0.229711982,-0.600535383,0.174935222,0.099425302,0.520869963,-1.076168892,1.121444866,9
Diaz, Yandy,Yandy Diaz,TB,650490,2021,0.028799539,1.248002454,0.650034983,0.349669386,-0.702738134,0.075905611,-0.133488643,9
De La Cruz, Bryan,Bryan De La Cruz,MIA,650559,2021,-0.089921175,0.143681149,1.177923606,0.627718368,-0.702738134,-0.253258533,0.836232705,2
Rengifo, Luis,Luis Rengifo,LAA,650859,2021,0.302429102,-0.696563323,-0.075811874,-0.185574905,0.765591582,-1.010336063,0.779190273,9
Pozo, Yohel,Yohel Pozo,TEX,650968,2021,-0.576824281,-0.888619202,1.019557019,0.287108365,-0.702738134,0.832983142,-0.932082694,9
Adams, Riley,Riley Adams,WSH,656180,2021,-0.296371097,1.175981499,0.201329653,0.328815712,-0.702738134,0.273404098,-0.247573507,9
Allen, Greg,Greg Allen,NYY,656185,2021,-1.143454263,0.671834817,0.834796001,0.662474491,-0.702738134,-0.68117192,0.665105409,2
Bradley, Bobby,Bobby Bradley,CLE,656252,2021,1.594871735,0.335737028,0.016568635,0.75284041,-0.702738134,-0.319091361,0.151723519,2
Chapman, Matt,Matt Chapman,OAK,656305,2021,0.996671772,1.272009439,0.042963067,0.460888979,-0.702738134,-0.417840604,0.779190273,2
Chavis, Michael,Michael Chavis,BOS,656308,2021,-0.103852203,-1.632835734,0.544457258,0.419181631,-0.702738134,-0.582422676,1.121444866,2
Deichmann, Greg,Greg Deichmann,CHC,656364,2021,-1.143454263,-1.056668096,-0.973222533,-1.41594165,-0.702738134,0.010072783,-0.002291049,8
Diaz, Isan,Isan Diaz,MIA,656371,2021,-0.438737996,1.103960545,-0.181389598,-0.380209192,-0.090934086,0.405069755,-0.532785668,1
Ellis, Drew,Drew Ellis,ARI,656403,2021,-0.535764144,1.055946575,-1.01281418,-0.929355932,-0.702738134,-0.220342118,0.151723519,8
Fairchild, Stuart,Stuart Fairchild,ARI,656413,2021,-1.143454263,-0.408479504,-0.973222533,-0.950209605,-0.702738134,0.010072783,-0.002291049,8
Flaherty, Jack,Jack Flaherty,STL,656427,2021,1.32305261,2.784449488,-1.171180766,-0.296794497,1.132674011,0.010072783,-0.002291049,1
Gilbert, Tyler,Tyler Gilbert,ARI,656457,2021,-1.143454263,-1.824891613,-2.728452204,-2.340454516,1.74447806,0.010072783,-0.002291049,8
Gittens, Chris,Chris Gittens,NYY,656467,2021,0.021285111,1.992218986,-1.263561275,-0.991916953,-0.702738134,0.767150313,-0.817997829,1
Harrison, Monte,Monte Harrison,MIA,656509,2021,-1.143454263,-1.824891613,-0.089009089,-0.25508715,1.74447806,-0.648255505,0.608062976,9
Haseley, Adam,Adam Haseley,PHI,656514,2021,-1.143454263,-1.824891613,-0.220981245,-0.686063072,-0.702738134,-0.154509289,0.094681086,8
Hill, Derek,Derek Hill,DET,656537,2021,-0.238476907,-0.216423625,0.68962663,0.35662061,-0.702738134,-1.240750964,2.148208647,9
Hilliard, Sam,Sam Hilliard,COL,656541,2021,1.599670233,0.503785922,0.108949144,0.877962452,-0.702738134,-1.076168892,1.235529731,2
Hoffman, Jeff,Jeff Hoffman,CIN,656546,2021,-1.143454263,-1.824891613,-0.973222533,-1.41594165,1.74447806,1.49131143,-1.445464584,7
Holloway, Jordan,Jordan Holloway,MIA,656548,2021,-1.143454263,-1.824891613,-1.408730647,-1.645332061,-0.702738134,0.010072783,-0.002291049,8
Hoskins, Rhys,Rhys Hoskins,PHI,656555,2021,1.766897039,0.719848786,0.531260043,1.343694497,-0.702738134,0.207571269,-0.190531075,1
Jackson, Alex,Alex Jackson,MIA,656577,2021,-0.183211138,0.239709088,-0.92043367,-0.693014297,-0.702738134,-0.154509289,0.094681086,8
Joe, Connor,Connor Joe,COL,656582,2021,0.730539781,1.12796753,1.032754235,0.919669799,-0.702738134,-0.121592875,0.151723519,1
Keller, Mitch,Mitch Keller,PIT,656605,2021,-1.143454263,-0.312451564,-1.316350138,-1.596673489,1.74447806,0.898815971,-0.932082694,7
Luplow, Jordan,Jordan Luplow,CLE,656669,2021,1.686219303,1.656121197,-0.062614658,0.815401431,-0.702738134,-0.450757019,0.493978112,2
McKinstry, Zach,Zach McKinstry,LAD,656716,2021,0.714231286,-0.432486489,0.108949144,0.474791428,0.113000596,-0.845753992,0.665105409,9
Megill, Tylor,Tylor Megill,NYM,656731,2021,-1.143454263,-1.056668096,0.095751929,-0.109111435,1.74447806,3.137132149,-2.700398093,5
Mullins II, Cedric,Cedric Mullins II,BAL,656775,2021,0.946111373,0.263716073,1.111937528,1.260279802,-0.213294895,-1.306583793,1.007360002,2
O'Hearn, Ryan,Ryan O'Hearn,KC,656811,2021,0.455594686,-0.600535383,0.2409213,0.224547344,-0.702738134,-0.220342118,0.608062976,2
Padlo, Kevin,Kevin Padlo,TB,656821,2021,-1.143454263,1.368037379,-1.712266605,-1.269965935,-0.702738134,0.010072783,-0.002291049,8
Peters, DJ,DJ Peters,TEX,656847,2021,1.300931484,-0.624542368,-0.128600736,0.592962245,-0.702738134,-0.944503235,1.292572163,2
Peterson, David,David Peterson,NYM,656849,2021,-1.143454263,-1.824891613,-1.897027623,-1.471551447,1.74447806,-0.319091361,0.265808383,9
Rivera, Emmanuel,Emmanuel Rivera,KC,656896,2021,-0.677558522,0.143681149,0.650034983,-0.02569674,-0.702738134,-0.417840604,0.379893247,9
Schwarber, Kyle,Kyle Schwarber,WSH,656941,2021,2.219402238,1.440058333,0.782007139,1.510523886,-0.702738134,-0.450757019,0.037638654,1
Smith, Pavin,Pavin Smith,ARI,656976,2021,-0.21727599,0.023646224,0.795204354,0.467840203,-0.702738134,-0.253258533,-0.133488643,9
Steele, Justin,Justin Steele,CHC,657006,2021,-1.143454263,-1.824891613,-0.696081006,-1.269965935,-0.702738134,0.010072783,-0.002291049,8
Stokes Jr., Troy,Troy Stokes Jr.,PIT,657011,2021,-1.143454263,-0.624542368,-1.263561275,-1.179600016,-0.702738134,-0.286174947,0.208765951,8
Thomas, Lane,Lane Thomas,WSH,657041,2021,0.155281652,1.536086273,0.372893456,0.52345,-0.702738134,-0.68117192,1.292572163,2
Toussaint, Touki,Touki Toussaint,ATL,657053,2021,-1.143454263,0.839883711,-2.728452204,-2.340454516,1.74447806,0.010072783,-0.002291049,8
Tucker, Cole,Cole Tucker,PIT,657061,2021,-0.426691581,0.551799892,0.201329653,0.036864281,-0.702738134,-0.845753992,0.493978112,9
Verdugo, Alex,Alex Verdugo,BOS,657077,2021,-0.141435831,0.191695119,1.085543097,0.620767143,-0.702738134,-0.812837577,0.151723519,2
White, Evan,Evan White,SEA,657108,2021,-0.278905444,-0.432486489,-0.828053161,-0.693014297,-0.702738134,-0.483673433,0.722147841,9
Wong, Connor,Connor Wong,BOS,657136,2021,-1.143454263,-0.120395685,1.336290193,1.399304293,-0.702738134,0.010072783,-0.002291049,9
Alvarez, Eddy,Eddy Alvarez,MIA,657193,2021,-0.48828837,-0.528514429,-0.247375676,-0.060452863,-0.702738134,-0.747004748,0.722147841,9
Webb, Logan,Logan Webb,SF,657277,2021,-0.231919126,-0.912626187,-1.01281418,-0.373257968,1.74447806,1.853391988,-1.730676745,7
O'Grady, Brian,Brian O'Grady,SD,657434,2021,0.500883652,1.320023409,-0.656489359,-0.02569674,0.520869963,-0.68117192,0.665105409,2
DeJong, Paul,Paul DeJong,STL,657557,2021,1.094415773,0.263716073,-0.128600736,0.37052306,-0.702738134,-0.220342118,0.43693568,9
Laureano, Ramon,Ramon Laureano,OAK,657656,2021,0.578037329,-0.120395685,0.518062827,0.738937961,-0.702738134,-0.615339091,0.493978112,9
Sheets, Gavin,Gavin Sheets,CWS,657757,2021,1.739275665,0.311730043,0.57085169,1.176865108,-0.702738134,-0.253258533,-0.019403778,2
Fuentes, Joshua,Joshua Fuentes,COL,658069,2021,-0.060375604,-0.816598247,0.2409213,0.099425302,-0.702738134,-0.417840604,0.493978112,2
Olivares, Edward,Edward Olivares,KC,658668,2021,0.932318841,-0.744577293,0.412485103,0.481742652,0.520869963,-0.91158682,1.46369946,9
Moncada, Yoan,Yoan Moncada,CWS,660162,2021,-0.014553029,1.440058333,0.742415492,0.52345,-0.702738134,-0.812837577,0.551020544,2
Ohtani, Shohei,Shohei Ohtani,LAA,660271,2021,2.448367685,1.776156122,0.663232199,1.774670419,-0.702738134,-1.569915108,1.178487299,2
Tsutsugo, Yoshi,Yoshi Tsutsugo,PIT,660294,2021,0.315001998,0.839883711,0.135343576,0.321864488,0.520869963,-0.088676461,-0.304615939,2
Arauz, Jonathan,Jonathan Arauz,BOS,660620,2021,0.791804983,0.743855771,-0.286967323,0.224547344,1.74447806,-0.220342118,0.151723519,9
Ynoa, Huascar,Huascar Ynoa,ATL,660623,2021,1.477209308,-1.824891613,0.161738007,0.704181838,-0.702738134,1.359645772,-1.331379719,7
Hernandez, Yonny,Yonny Hernandez,TEX,660634,2021,-1.143454263,0.623820847,0.135343576,-0.588745929,0.520869963,-0.154509289,0.037638654,9
Brujan, Vidal,Vidal Brujan,TB,660644,2021,-1.143454263,-1.824891613,-1.712266605,-1.805210225,-0.702738134,-1.142001721,1.178487299,8
Acuna Jr., Ronald,Ronald Acuna Jr.,ATL,660670,2021,2.244878442,1.440058333,1.006359804,1.802475317,-0.702738134,-1.109085307,1.520741892,2
Ruiz, Keibert,Keibert Ruiz,WSH,660688,2021,0.28599859,-0.312451564,0.874387648,0.502596326,-0.702738134,0.240487683,-0.646870533,9
Tejeda, Anderson,Anderson Tejeda,TEX,660731,2021,-1.143454263,-0.408479504,-1.897027623,-1.902527369,-0.702738134,0.010072783,-0.002291049,8
Sanchez, Jesus,Jesus Sanchez,MIA,660821,2021,1.442574995,0.095667179,0.584048905,1.05869429,-0.702738134,-0.714088334,0.608062976,2
Park, Hoy,Hoy Park,PIT,660829,2021,-0.160705424,1.055946575,-0.154995167,-0.004843066,0.520869963,-1.240750964,0.893275137,2
Gutierrez, Vladimir,Vladimir Gutierrez,CIN,661269,2021,-1.143454263,-0.672556338,-1.527505587,-1.707893082,1.74447806,1.425478601,-1.388422152,7
Contreras, William,William Contreras,ATL,661388,2021,0.914490153,0.647827832,0.108949144,0.433084081,-0.702738134,-0.121592875,0.151723519,2
Varsho, Daulton,Daulton Varsho,ARI,662139,2021,0.48061892,0.455771952,0.518062827,0.697230613,1.74447806,-1.20783455,0.95031757,9
Jones, Jahmai,Jahmai Jones,BAL,663330,2021,-1.143454263,-0.480500459,-0.762067084,-0.991916953,-0.702738134,-0.714088334,0.893275137,9
Nootbaar, Lars,Lars Nootbaar,STL,663457,2021,0.779968557,0.695841801,0.425682318,0.592962245,0.520869963,-0.944503235,0.95031757,2
Nevin, Tyler,Tyler Nevin,BAL,663527,2021,1.8515898,3.504659035,1.04595145,2.129182871,-0.702738134,1.096314457,-1.103209991,1
Hoerner, Nico,Nico Hoerner,CHC,663538,2021,-1.143454263,0.575806877,1.2571069,0.224547344,-0.702738134,-0.944503235,1.178487299,2
Riley, Austin,Austin Riley,ATL,663586,2021,1.201817526,0.071660194,1.270304115,1.350645721,-0.702738134,-0.253258533,0.608062976,2
Madrigal, Nick,Nick Madrigal,CWS,663611,2021,-0.724148092,-0.600535383,1.296698546,0.613815919,-0.702738134,-0.91158682,0.779190273,9
Larnach, Trevor,Trevor Larnach,MIN,663616,2021,-0.014553029,0.647827832,0.214526869,0.092474077,-0.702738134,0.14173844,-0.133488643,9
Mountcastle, Ryan,Ryan Mountcastle,BAL,663624,2021,1.447763657,-0.14440267,0.636837767,1.044791841,-0.702738134,-0.417840604,0.779190273,2
McKenna, Ryan,Ryan McKenna,BAL,663630,2021,-0.647233922,1.103960545,-0.313361754,-0.491428785,1.74447806,-1.076168892,1.46369946,9
Hayes, Ke'Bryan,Ke'Bryan Hayes,PIT,663647,2021,-0.448471643,0.047653209,0.663232199,0.252352242,-0.702738134,-0.549506262,0.608062976,2
Tucker, Kyle,Kyle Tucker,HOU,663656,2021,1.342550724,0.407757983,1.151529175,1.53137756,-0.702738134,-0.516589848,0.379893247,2
Cameron, Daz,Daz Cameron,DET,663662,2021,0.484919199,0.263716073,-0.168192383,0.155035098,-0.702738134,-0.352007776,0.836232705,9
India, Jonathan,Jonathan India,CIN,663697,2021,0.511701668,0.887897681,0.821598786,0.850157554,-0.213294895,-0.516589848,1.007360002,2
Raleigh, Cal,Cal Raleigh,SEA,663728,2021,-0.540136039,-0.696563323,-0.352953401,-0.192526129,-0.702738134,-0.220342118,0.151723519,9
Neidert, Nick,Nick Neidert,MIA,663734,2021,-1.143454263,0.167688134,-2.728452204,-2.340454516,-0.702738134,0.010072783,-0.002291049,8
Fortes, Nick,Nick Fortes,MIA,663743,2021,4.266947944,0.287723058,1.098740313,2.365524506,-0.702738134,0.075905611,-0.133488643,3
Grisham, Trent,Trent Grisham,SD,663757,2021,0.217929391,0.623820847,0.465273965,0.530401224,-0.213294895,-0.747004748,1.235529731,2
Woodford, Jake,Jake Woodford,STL,663765,2021,-1.143454263,-1.824891613,-1.263561275,-1.568868591,1.74447806,2.445887447,-2.187016203,5
Terry, Curtis,Curtis Terry,TEX,663799,2021,-1.143454263,-0.816598247,-1.553900018,-1.41594165,-0.702738134,0.767150313,-0.817997829,8
Vierling, Matt,Matt Vierling,PHI,663837,2021,0.037689878,-0.576528398,1.547445642,0.989182045,-0.702738134,-0.549506262,1.406657028,2
Rivas III, Alfonso,Alfonso Rivas III,CHC,663845,2021,-0.19048568,0.143681149,1.468262349,0.502596326,-0.702738134,0.174654854,-0.247573507,9
Gonzalez, Romy,Romy Gonzalez,CWS,663853,2021,-1.143454263,-1.104682066,0.57085169,0.05076673,-0.702738134,-0.845753992,0.836232705,9
Stephenson, Tyler,Tyler Stephenson,CIN,663886,2021,0.054563387,0.623820847,1.04595145,0.655523266,-0.702738134,0.042989197,0.094681086,2
Williams, Luke,Luke Williams,PHI,663897,2021,-0.715590807,0.407757983,0.504865612,-0.143867557,-0.702738134,-0.878670406,1.235529731,9
Rodgers, Brendan,Brendan Rodgers,COL,663898,2021,0.481763459,-0.720570308,1.019557019,0.926621024,-0.702738134,-0.253258533,0.037638654,2
Blankenhorn, Travis,Travis Blankenhorn,NYM,663905,2021,0.679616052,-0.816598247,-0.432136694,0.377474284,-0.702738134,0.9646488,-0.989125126,9
Paddack, Chris,Chris Paddack,SD,663978,2021,-1.143454263,-1.248723976,-2.345732953,-2.138869004,1.74447806,0.010072783,-0.002291049,8
Lowe, Nathaniel,Nathaniel Lowe,TEX,663993,2021,0.211574638,1.175981499,0.755612708,0.544303673,-0.702738134,-0.648255505,0.322850815,2
Happ, Ian,Ian Happ,CHC,664023,2021,1.110879997,0.959918635,0.254118516,0.67637694,0.928739329,-0.582422676,0.551020544,2
France, Ty,Ty France,SEA,664034,2021,0.178351542,-0.120395685,1.111937528,0.75284041,-0.702738134,0.701317485,-0.817997829,9
Lowe, Brandon,Brandon Lowe,TB,664040,2021,1.913170152,0.839883711,0.531260043,1.295035925,-0.702738134,-0.779921163,0.493978112,2
Bader, Harrison,Harrison Bader,STL,664056,2021,0.684583531,-0.216423625,0.795204354,0.857108778,-0.702738134,-1.174918135,1.577784324,2
Stevenson, Andrew,Andrew Stevenson,WSH,664057,2021,-0.051511094,-0.360465534,0.293710162,0.016010607,0.928739329,-1.174918135,1.46369946,9
Fletcher, David,David Fletcher,LAA,664058,2021,-1.009490637,-0.696563323,0.729218277,-0.088257761,1.394875746,-0.747004748,0.551020544,9
Haggerty, Sam,Sam Haggerty,SEA,664059,2021,-0.16832363,-0.28844458,-0.273770107,-0.317648171,1.74447806,-0.977419649,1.577784324,9
Gonsolin, Tony,Tony Gonsolin,LAD,664062,2021,-1.143454263,-0.552521413,-0.405742263,-0.706916746,1.74447806,-0.088676461,0.037638654,9
Kingery, Scott,Scott Kingery,PHI,664068,2021,-1.143454263,-1.824891613,-2.028999779,-1.972039615,-0.702738134,0.010072783,-0.002291049,8
Brubaker, JT,JT Brubaker,PIT,664141,2021,-1.143454263,0.407757983,-1.685872174,-1.791307776,1.74447806,0.536735413,-0.5898281,8
Lucchesi, Joey,Joey Lucchesi,NYM,664192,2021,-1.143454263,0.359744013,-2.728452204,-2.340454516,-0.702738134,0.010072783,-0.002291049,8
Moore, Dylan,Dylan Moore,SEA,664238,2021,0.372110199,0.719848786,-0.339756185,-0.018745515,-0.702738134,-0.615339091,0.95031757,9
Garlick, Kyle,Kyle Garlick,MIN,664247,2021,0.974253694,-0.480500459,0.333301809,0.891864901,-0.702738134,0.339236926,0.037638654,2
Florial, Estevan,Estevan Florial,NYY,664314,2021,0.953076593,2.976505367,1.230712468,1.482718988,-0.702738134,-1.174918135,1.235529731,6
Lopez, Alejo,Alejo Lopez,CIN,664670,2021,-1.143454263,-1.824891613,0.716021061,-0.526184908,-0.702738134,0.306320512,-0.361658372,9
Straw, Myles,Myles Straw,HOU,664702,2021,-0.846073982,0.695841801,0.847993217,0.078571628,-0.213294895,-1.471165865,1.46369946,9
Isbel, Kyle,Kyle Isbel,KC,664728,2021,-0.591735605,0.191695119,0.913979295,0.67637694,-0.702738134,-0.845753992,0.836232705,2
Higgins, P.J.,P.J. Higgins,CHC,664731,2021,-1.143454263,0.095667179,-2.160971935,-2.04155186,-0.702738134,0.174654854,-0.247573507,8
Bohm, Alec,Alec Bohm,PHI,664761,2021,-0.371048142,-0.048374731,0.531260043,0.036864281,-0.702738134,-0.088676461,0.608062976,9
Wade Jr., LaMonte,LaMonte Wade Jr.,SF,664774,2021,1.102828815,0.263716073,0.610443336,1.010035718,0.695671118,0.240487683,-0.133488643,9
Tom, Ka'ai,Ka'ai Tom,PIT,664789,2021,-0.366961333,1.248002454,-0.894039239,-0.734721644,-0.702738134,-1.076168892,0.779190273,9
Mazeika, Patrick,Patrick Mazeika,NYM,664850,2021,-0.612686951,-0.720570308,-0.220981245,-0.491428785,-0.702738134,-0.38492419,-0.532785668,9
Zavala, Seby,Seby Zavala,CWS,664874,2021,1.110879997,-0.432486489,-0.313361754,0.273205916,1.74447806,0.536735413,-0.5898281,9
Mendick, Danny,Danny Mendick,CWS,664901,2021,-0.632105271,0.503785922,0.174935222,-0.345453069,0.520869963,-0.022843632,-0.07644621,9
Brown, Seth,Seth Brown,OAK,664913,2021,1.840931288,-0.024367746,0.095751929,0.996133269,-0.702738134,-0.417840604,0.779190273,2
McCarthy, Jake,Jake McCarthy,ARI,664983,2021,0.277922585,0.911904666,0.174935222,0.252352242,1.74447806,-1.73449718,1.920038918,9
Walsh, Jared,Jared Walsh,LAA,665120,2021,1.150862518,0.143681149,0.92717651,1.197718781,-0.702738134,-0.450757019,0.151723519,2
Maton, Nick,Nick Maton,PHI,665155,2021,-0.426691581,-0.000360761,0.650034983,0.335766937,0.520869963,-0.483673433,0.265808383,9
Celestino, Gilberto,Gilberto Celestino,MIN,665482,2021,0.277922585,-0.672556338,-0.933630886,-0.338501845,-0.702738134,-0.417840604,0.893275137,9
Tatis Jr., Fernando,Fernando Tatis Jr.,SD,665487,2021,2.540825912,0.911904666,0.993162588,1.906743686,-0.702738134,-1.010336063,1.46369946,2
Guerrero Jr., Vladimir,Vladimir Guerrero Jr.,TOR,665489,2021,2.188780224,1.12796753,1.37588184,1.83723144,-0.702738134,0.174654854,0.037638654,1
Pache, Cristian,Cristian Pache,ATL,665506,2021,-0.477888906,-1.128689051,-1.263561275,-0.908502258,1.74447806,-0.68117192,1.235529731,9
Marchan, Rafael,Rafael Marchan,PHI,665561,2021,-0.337096251,-0.120395685,0.320104594,0.064669179,-0.702738134,-0.648255505,0.608062976,9
Soto, Juan,Juan Soto,WSH,665742,2021,1.278832371,3.504659035,1.402276271,1.371499395,-0.702738134,-0.779921163,0.151723519,6
Taveras, Leody,Leody Taveras,TEX,665750,2021,-0.420512601,-0.648549353,-0.603700497,-0.463623887,1.74447806,-1.339500207,1.691869189,9
Rivero, Sebastian,Sebastian Rivero,KC,665861,2021,-1.143454263,-0.19241664,-0.418939479,-0.776428992,-0.702738134,1.096314457,-1.103209991,8
Chisholm Jr., Jazz,Jazz Chisholm Jr.,MIA,665862,2021,0.483164486,-0.216423625,0.544457258,0.613815919,0.276148343,-1.471165865,1.349614595,9
Gimenez, Andres,Andres Gimenez,CLE,665926,2021,-0.028278262,-0.576528398,0.148540791,0.099425302,-0.090934086,-1.174918135,1.292572163,9
Anderson, Ian,Ian Anderson,ATL,666120,2021,-1.143454263,-1.248723976,-2.015802563,-1.777405327,1.74447806,2.511720276,-2.244058635,5
Garrett, Braxton,Braxton Garrett,MIA,666129,2021,-1.143454263,-1.824891613,-0.32655897,-1.075331647,-0.702738134,0.010072783,-0.002291049,8
Kirilloff, Alex,Alex Kirilloff,MIN,666135,2021,0.416754733,-0.360465534,0.584048905,0.59991347,-0.702738134,-0.747004748,0.379893247,9
Lee, Khalil,Khalil Lee,NYM,666137,2021,-1.143454263,-1.824891613,-1.989408132,-1.568868591,-0.702738134,0.010072783,-0.002291049,8
Lux, Gavin,Gavin Lux,LAD,666158,2021,-0.26729213,0.767862756,0.465273965,0.189791221,-0.702738134,-1.273667379,1.349614595,9
Moniak, Mickey,Mickey Moniak,PHI,666160,2021,0.127170486,0.119674164,-1.527505587,-1.075331647,1.74447806,-0.648255505,0.608062976,9
Rortvedt, Ben,Ben Rortvedt,MIN,666163,2021,0.269937319,-0.360465534,-0.498122772,-0.387160417,1.74447806,-0.055760046,-0.019403778,9
Adell, Jo,Jo Adell,LAA,666176,2021,0.146718582,-0.456493474,0.518062827,0.495645101,1.74447806,-0.944503235,1.805954053,9
Beer, Seth,Seth Beer,ARI,666179,2021,3.515503191,0.575806877,3.131111511,3.839184111,-0.702738134,0.010072783,-0.002291049,3
Bichette, Bo,Bo Bichette,TOR,666182,2021,0.756526826,-0.432486489,1.204318037,1.023938167,-0.702738134,-0.549506262,0.722147841,2
Carlson, Dylan,Dylan Carlson,STL,666185,2021,0.249075453,0.383750998,0.782007139,0.697230613,-0.430825224,-0.648255505,0.722147841,2
Kieboom, Carter,Carter Kieboom,WSH,666198,2021,0.015917657,0.575806877,0.00337142,-0.129965108,-0.702738134,-0.022843632,0.379893247,9
Luzardo, Jesus,Jesus Luzardo,MIA,666200,2021,-1.143454263,2.976505367,-2.728452204,-2.340454516,1.74447806,1.622977088,-1.559549448,4
Muller, Kyle,Kyle Muller,ATL,666205,2021,-1.143454263,0.023646224,-1.527505587,-1.707893082,1.74447806,0.010072783,-0.002291049,8
Trammell, Taylor,Taylor Trammell,SEA,666211,2021,1.006833783,0.479778937,-0.616897712,0.155035098,1.74447806,-0.944503235,0.722147841,9
Welker, Colton,Colton Welker,COL,666213,2021,-1.143454263,-0.024367746,-0.234178461,-0.838990013,-0.702738134,0.734233899,-0.760955397,8
Castro, Rodolfo,Rodolfo Castro,PIT,666801,2021,1.294372319,-0.264437595,-0.11540352,0.405279182,-0.702738134,-0.417840604,0.379893247,9
Dalbec, Bobby,Bobby Dalbec,BOS,666915,2021,1.370371688,-0.336458549,0.438879534,1.093450413,-0.702738134,-0.319091361,0.836232705,2
Oliva, Jared,Jared Oliva,PIT,666931,2021,-1.143454263,-0.14440267,-0.418939479,-0.776428992,-0.702738134,-1.174918135,1.235529731,9
Garcia, Adolis,Adolis Garcia,TEX,666969,2021,1.093807569,-0.600535383,0.478471181,0.815401431,-0.702738134,-0.812837577,0.95031757,2
Gurriel Jr., Lourdes,Lourdes Gurriel Jr.,TOR,666971,2021,0.617631656,-0.408479504,0.913979295,0.898816126,-0.35313582,-0.121592875,-0.07644621,2
Rooker Jr., Brent,Brent Rooker Jr.,MIN,667670,2021,0.853241807,-0.14440267,-0.075811874,0.419181631,-0.702738134,0.010072783,0.322850815,9
Arozarena, Randy,Randy Arozarena,TB,668227,2021,0.441824252,0.407757983,0.887584863,0.850157554,-0.702738134,-1.043252478,1.178487299,2
Barrera, Tres,Tres Barrera,WSH,668663,2021,-0.221902237,0.863890696,0.755612708,0.335766937,-0.702738134,1.096314457,-1.160252423,9
Rogers, Jake,Jake Rogers,DET,668670,2021,1.082950181,0.263716073,0.425682318,1.107352862,1.74447806,-0.319091361,0.265808383,9
Gallen, Zac,Zac Gallen,ARI,668678,2021,-1.143454263,-1.248723976,-0.247375676,-0.602648378,1.74447806,0.306320512,-0.361658372,9
Henry, Payton,Payton Henry,MIA,668721,2021,-1.143454263,-0.312451564,0.795204354,-0.02569674,-0.702738134,1.721726331,-1.616591881,9
Baddoo, Akil,Akil Baddoo,DET,668731,2021,0.176395689,0.527792907,0.68962663,0.690279389,-0.702738134,-1.438249451,1.235529731,2
Knizner, Andrew,Andrew Knizner,STL,668800,2021,-0.883015652,0.767862756,-0.432136694,-0.699965522,-0.702738134,0.635484656,-0.5898281,8
Reynolds, Bryan,Bryan Reynolds,PIT,668804,2021,0.656786886,0.959918635,1.2571069,1.2880847,-0.702738134,-0.944503235,1.121444866,2
Kranick, Max,Max Kranick,PIT,668820,2021,-1.143454263,-1.824891613,-2.728452204,-2.340454516,1.74447806,3.499212708,-2.928567822,5
Rojas, Josh,Josh Rojas,ARI,668942,2021,-0.19048568,0.695841801,0.755612708,0.516498775,-0.090934086,-0.779921163,0.493978112,2
Marsh, Brandon,Brandon Marsh,LAA,669016,2021,-0.788110061,0.023646224,0.623640552,0.134181425,0.520869963,-1.010336063,1.349614595,9
Wilson, Bryse,Bryse Wilson,PIT,669060,2021,-1.143454263,-1.824891613,-2.094985857,-2.006795737,1.74447806,2.281305375,-2.072931338,5
Campusano, Luis,Luis Campusano,SD,669134,2021,-1.143454263,0.695841801,-1.567097234,-1.728746755,-0.702738134,0.470902584,-0.532785668,8
Burnes, Corbin,Corbin Burnes,MIL,669203,2021,-1.143454263,-0.600535383,-0.696081006,-1.269965935,1.74447806,2.511720276,-2.244058635,5
Murphy, Sean,Sean Murphy,OAK,669221,2021,0.670338316,0.311730043,0.12214636,0.474791428,-0.702738134,0.405069755,-0.532785668,2
Senzel, Nick,Nick Senzel,CIN,669222,2021,-0.765700956,0.503785922,0.597246121,-0.150818782,-0.702738134,-0.648255505,1.349614595,9
Edman, Tommy,Tommy Edman,STL,669242,2021,-0.423896108,-0.504507444,0.729218277,0.349669386,0.113000596,-1.142001721,1.235529731,9
Solak, Nick,Nick Solak,TEX,669256,2021,-0.13638705,-0.216423625,0.465273965,0.175888772,0.520869963,-1.109085307,1.292572163,9
Smith, Will,Will Smith,LAD,669257,2021,1.388587816,0.959918635,0.676429414,1.100401638,-0.702738134,-0.352007776,0.608062976,2
Johnson, Daniel,Daniel Johnson,CLE,669288,2021,1.034759616,-0.648549353,0.188132438,0.28015714,-0.702738134,-0.91158682,0.893275137,2
Espinal, Santiago,Santiago Espinal,TOR,669289,2021,-0.765700956,0.311730043,1.37588184,0.474791428,1.74447806,-0.779921163,0.322850815,9
Hiura, Keston,Keston Hiura,MIL,669374,2021,-0.173960237,-0.120395685,-0.511319988,-0.248135926,0.928739329,0.075905611,0.322850815,9
Burger, Jake,Jake Burger,CWS,669394,2021,-0.04001699,0.455771952,0.742415492,0.954425922,-0.702738134,-0.582422676,0.551020544,2
Rogers, Trevor,Trevor Rogers,MIA,669432,2021,-1.143454263,-1.296737945,-1.804647114,-1.853868797,1.74447806,1.985057646,-1.84476161,7
Long, Sammy,Sammy Long,SF,669674,2021,-1.143454263,-1.824891613,-1.408730647,-1.645332061,1.74447806,0.010072783,-0.002291049,9
Hays, Austin,Austin Hays,BAL,669720,2021,0.746860435,-0.552521413,0.650034983,0.864060003,1.132674011,-0.483673433,0.379893247,9
White, Mitch,Mitch White,LAD,669952,2021,-1.143454263,-0.312451564,-2.728452204,-2.340454516,-0.702738134,0.010072783,-0.002291049,8
Lopez, Nicky,Nicky Lopez,KC,670032,2021,-0.97471938,0.263716073,1.230712468,0.287108365,1.255034821,-1.240750964,0.836232705,9
Raley, Luke,Luke Raley,LAD,670042,2021,0.127170486,-1.152696036,-0.32655897,-0.338501845,-0.702738134,-1.174918135,1.235529731,9
Heath, Nick,Nick Heath,ARI,670084,2021,-1.143454263,0.647827832,-0.841250377,-1.151795117,-0.702738134,-1.273667379,1.349614595,9
Short, Zack,Zack Short,DET,670097,2021,0.469261761,1.055946575,-0.867644808,-0.380209192,-0.702738134,-0.845753992,0.95031757,9
Rojas, Jose,Jose Rojas,LAA,670351,2021,0.354067789,0.143681149,0.016568635,0.433084081,-0.702738134,-0.714088334,0.265808383,9
Young, Andrew,Andrew Young,ARI,670370,2021,1.621201814,-0.432486489,0.029765851,1.023938167,-0.702738134,0.075905611,0.836232705,2
Alvarez, Yordan,Yordan Alvarez,HOU,670541,2021,1.433287573,0.191695119,0.92717651,1.350645721,-0.702738134,-0.187425704,-0.247573507,2
Paredes, Isaac,Isaac Paredes,DET,670623,2021,-0.561084576,1.007932605,0.016568635,-0.123013884,-0.702738134,0.602568242,-0.190531075,9
Brosseau, Mike,Mike Brosseau,TB,670712,2021,0.254232961,0.311730043,-0.260572892,0.071620404,-0.702738134,-0.417840604,0.665105409,9
Walls, Taylor,Taylor Walls,TB,670764,2021,-0.867594955,1.320023409,0.056160282,-0.282892048,1.74447806,-0.878670406,1.064402434,9
Gonzalez, Luis,Luis Gonzalez,CWS,670768,2021,-1.143454263,4.729015265,0.57085169,1.13515776,-0.702738134,0.010072783,-0.002291049,1
Friedl Jr., TJ,TJ Friedl Jr.,CIN,670770,2021,0.20914631,0.839883711,1.098740313,0.572108572,-0.702738134,-0.38492419,0.322850815,2
Oviedo, Johan,Johan Oviedo,STL,670912,2021,-1.143454263,0.359744013,-0.748869868,-1.297770833,-0.702738134,0.832983142,-0.875040262,8
Garcia, Luis,Luis Garcia,WSH,671277,2021,-0.077421616,-0.744577293,0.465273965,0.516498775,-0.702738134,-0.747004748,0.151723519,2
Kelenic, Jarred,Jarred Kelenic,SEA,672284,2021,0.598470497,0.455771952,-0.339756185,0.092474077,-0.702738134,-0.38492419,0.265808383,2
Kirk, Alejandro,Alejandro Kirk,TOR,672386,2021,0.889545335,0.599813862,0.465273965,0.690279389,-0.702738134,1.129230872,-1.160252423,1
Perdomo, Geraldo,Geraldo Perdomo,ARI,672695,2021,-1.143454263,2.064239941,0.676429414,0.572108572,-0.702738134,-0.483673433,0.43693568,1
Devers, Jose,Jose Devers,MIA,672701,2021,-1.143454263,-0.264437595,0.491668396,-0.136916333,-0.702738134,-1.142001721,1.178487299,9
Marcano, Tucupita,Tucupita Marcano,SD,672779,2021,-1.143454263,1.055946575,-0.32655897,-0.915453483,-0.702738134,-1.043252478,1.064402434,9
Robert, Luis,Luis Robert,CWS,673357,2021,0.838720354,-0.696563323,1.73220666,1.600889805,-0.702738134,-0.549506262,0.722147841,2
Akiyama, Shogo,Shogo Akiyama,CIN,673451,2021,-1.143454263,0.023646224,-0.036220227,-0.581794704,0.520869963,-1.536998694,0.779190273,9
Kim, Ha-Seong,Ha-Seong Kim,SD,673490,2021,0.112893824,-0.048374731,-0.062614658,0.106376527,0.276148343,-0.582422676,0.95031757,9
Miller, Brian,Brian Miller,MIA,675649,2021,-1.143454263,-1.824891613,0.874387648,-0.442770213,-0.702738134,0.010072783,-0.002291049,9
Smith, Kevin,Kevin Smith,TOR,675656,2021,0.166877522,0.167688134,-1.48791394,-1.0336243,-0.702738134,0.010072783,-0.002291049,8
Clement, Ernie,Ernie Clement,CLE,676391,2021,-0.103852203,-0.552521413,0.320104594,0.016010607,1.74447806,-0.878670406,0.95031757,9
Barrero, Jose,Jose Barrero,CIN,676480,2021,-1.143454263,-0.528514429,-0.089009089,-0.116062659,-0.702738134,-0.68117192,0.665105409,9
Reks, Zach,Zach Reks,LAD,676646,2021,-1.143454263,-1.824891613,-2.728452204,-2.340454516,-0.702738134,0.010072783,-0.002291049,8
Meyers, Jake,Jake Meyers,HOU,676694,2021,0.579721766,-0.360465534,0.702823845,0.704181838,0.928739329,-0.779921163,1.406657028,9
Trejo, Alan,Alan Trejo,COL,676701,2021,-0.231919126,-0.384472519,0.135343576,-0.074355312,-0.702738134,-0.220342118,0.151723519,9
McCormick, Chas,Chas McCormick,HOU,676801,2021,0.923548005,0.047653209,0.663232199,0.766742859,-0.702738134,-0.812837577,1.178487299,2
Peacock, Matt,Matt Peacock,ARI,676840,2021,-1.143454263,-0.408479504,0.57085169,-0.602648378,-0.702738134,0.010072783,-0.07644621,9
Franco, Wander,Wander Franco,TB,677551,2021,-0.098919318,0.047653209,1.072345881,0.877962452,-0.702738134,-1.076168892,1.007360002,2
Weathers, Ryan,Ryan Weathers,SD,677960,2021,0.409531555,-0.960640157,-0.775264299,-0.540087357,-0.702738134,2.742135177,-2.415185932,7
Gray, Josiah,Josiah Gray,LAD,680686,2021,-1.143454263,-0.816598247,-2.134577503,-2.027649411,1.74447806,0.010072783,-0.002291049,8
Duran, Jarren,Jarren Duran,BOS,680776,2021,-0.359704401,-0.960640157,0.108949144,-0.004843066,-0.702738134,-1.306583793,1.46369946,9
Jeffers, Ryan,Ryan Jeffers,MIN,680777,2021,1.055154878,-0.024367746,-0.102206305,0.44698653,-0.702738134,0.602568242,-0.532785668,2
Miller, Owen,Owen Miller,CLE,680911,2021,-0.265326171,-0.744577293,-0.036220227,-0.192526129,-0.702738134,-0.812837577,1.349614595,9
Vaughn, Andrew,Andrew Vaughn,CWS,683734,2021,0.364841316,0.263716073,0.372893456,0.412230407,-0.702738134,0.306320512,-0.190531075,2
