"last_name","first_name","name","team","player_id","year","PC1","PC2","PC3"
"Pujols"," Albert","Albert Pujols","LAD",405395,2021,-0.713666722448074,2.98612460007906,-0.915896573699681
"Cabrera"," Miguel","Miguel Cabrera","DET",408234,2021,-0.639474819615314,2.50473274786464,0.337486365151194
"Rivera"," Rene","Rene Rivera","CLE",425784,2021,0.11577811231501,1.538198854118,0.168324684593058
"Wainwright"," Adam","Adam Wainwright","STL",425794,2021,4.25292345848098,1.57263505160247,-0.240980762096118
"Molina"," Yadier","Yadier Molina","STL",425877,2021,-0.0401113971798063,2.05024308440257,0.13778904226286
"Suzuki"," Kurt","Kurt Suzuki","LAA",435559,2021,0.958521426830994,1.51132629120731,0.342318591497476
"Cruz Jr."," Nelson","Nelson Cruz Jr.","TB",443558,2021,-2.24182194819446,1.67577225654473,-0.836071281985891
"Peralta"," David","David Peralta","ARI",444482,2021,-0.862026367171528,0.0488645313883521,0.821434921112746
"Pina"," Manny","Manny Pina","MIL",444489,2021,-1.35586197393921,2.35665910492893,-1.15725120537835
"Escobar"," Alcides","Alcides Escobar","WSH",444876,2021,-0.38562591226224,-0.520284053818119,0.486778366446525
"Jay"," Jon","Jon Jay","LAA",445055,2021,0.582249091026207,0.301861643500523,0.693669099512839
"Longoria"," Evan","Evan Longoria","SF",446334,2021,-2.47169492279819,1.79015114465125,-0.126389805423459
"Lobaton"," Jose","Jose Lobaton","CHC",446653,2021,3.2042323256987,-0.372214389819054,1.38695395270665
"Hill"," Rich","Rich Hill","BOS",448179,2021,4.19733128458636,0.809157888346916,1.64541676679326
"Morton"," Charlie","Charlie Morton","ATL",450203,2021,5.41443537783449,2.0300393469586,-1.43060801671634
"Fowler"," Dexter","Dexter Fowler","LAA",451594,2021,0.343430231354806,-2.72942878842191,0.356880308459745
"Lester"," Jon","Jon Lester","STL",452657,2021,1.421600741289,0.131247447840528,-0.998839720624735
"Cabrera"," Asdrubal","Asdrubal Cabrera","ARI",452678,2021,-0.304966717243201,1.45462864715972,0.526919711139963
"LeBlanc"," Wade","Wade LeBlanc","STL",453281,2021,6.23997668023374,-1.03520068110281,-1.1376614914724
"Scherzer"," Max","Max Scherzer","NYM",453286,2021,6.81166765420202,2.26750373509974,-1.3754351578752
"Arrieta"," Jake","Jake Arrieta","SD",453562,2021,3.30480415523289,-0.555211992083365,0.381748822477538
"Blackmon"," Charlie","Charlie Blackmon","COL",453568,2021,-1.61411189343803,0.144865369883243,0.571101118069528
"Frazier"," Todd","Todd Frazier","PIT",453943,2021,2.68731303886487,1.12380166019158,0.545237750149489
"Maldonado"," Martin","Martin Maldonado","HOU",455117,2021,0.7522199297679,2.13140101622964,0.216617676304852
"Chirinos"," Robinson","Robinson Chirinos","CHC",455139,2021,-0.267041270793983,1.90882068659802,-1.21161740299921
"Price"," David","David Price","LAD",456034,2021,1.70039574317852,-0.158251947087456,-0.384571275266828
"Cueto"," Johnny","Johnny Cueto","SF",456501,2021,4.6680289252051,-2.5916635201679,-1.48081859590934
"Cain"," Lorenzo","Lorenzo Cain","MIL",456715,2021,-1.6811814055265,-2.20929747799739,0.0874359542880887
"Solano"," Donovan","Donovan Solano","SF",456781,2021,-1.00650784365539,0.735798605660347,0.680506403266433
"McCutchen"," Andrew","Andrew McCutchen","PHI",457705,2021,-2.45018648337654,0.0604527829732543,0.128473705922861
"Upton"," Justin","Justin Upton","LAA",457708,2021,-1.59514438586157,0.590893485013684,-0.135024221089016
"Maybin"," Cameron","Cameron Maybin","NYM",457727,2021,2.73828868846101,-4.25173716860077,0.355885016558993
"Turner"," Justin","Justin Turner","LAD",457759,2021,-1.87331671459025,1.65479364383568,-0.0925119170358726
"Posey III"," Buster","Buster Posey III","SF",457763,2021,-2.04574414813687,2.42522530540046,0.755563901898852
"Bruce"," Jay","Jay Bruce","NYY",457803,2021,1.4108383430619,2.57258561037447,1.64883524223846
"Happ"," J.A.","J.A. Happ","STL",457918,2021,5.09552811728696,1.38464063203338,-0.168108559595616
"Votto"," Joey","Joey Votto","CIN",458015,2021,-3.70527575324973,2.62270545787085,-1.38750626286427
"Gardner"," Brett","Brett Gardner","NYY",458731,2021,-0.704208123593938,-0.946127675791962,0.785185518573264
"Joyce"," Matt","Matt Joyce","PHI",459964,2021,0.109325569735102,1.33015143523971,0.709190777390228
"Butera"," Drew","Drew Butera","LAA",460077,2021,2.71329399138192,-0.238582231115501,-0.816937256992983
"Romine"," Andrew","Andrew Romine","CHC",461865,2021,0.497210033150754,-1.1313977731696,0.834912053563122
"Andrus"," Elvis","Elvis Andrus","OAK",462101,2021,0.330873809407914,-1.10404124153652,0.821763259884122
"Sandoval"," Pablo","Pablo Sandoval","ATL",467055,2021,-0.472029551711871,3.33094508281742,-0.588600641001666
"Ramos"," Wilson","Wilson Ramos","DET",467092,2021,-0.0440775664813983,2.35119804179223,-1.54086800674763
"Santana"," Carlos","Carlos Santana","KC",467793,2021,-0.41738413314231,1.37680244123664,0.443458345117988
"Parra"," Gerardo","Gerardo Parra","WSH",467827,2021,0.240354244552429,0.0979297717802511,0.591785533711847
"Carrasco"," Carlos","Carlos Carrasco","NYM",471911,2021,6.23997668023374,-1.03520068110281,-1.1376614914724
"Anderson"," Brett","Brett Anderson","MIL",474463,2021,3.73169134741637,0.512554003318877,3.09998078555777
"Mercer"," Jordy","Jordy Mercer","WSH",474568,2021,-0.34946451394358,0.438327888062574,0.866997318047859
"Belt"," Brandon","Brandon Belt","SF",474832,2021,-3.65637469295497,1.98192379699659,-1.22673264946123
"Zimmerman"," Ryan","Ryan Zimmerman","WSH",475582,2021,-1.82769700989715,1.4483729487748,-0.478012767723761
"Lowrie"," Jed","Jed Lowrie","OAK",476704,2021,-1.068015847976,1.58110359991536,-0.0132742128323428
"Kershaw"," Clayton","Clayton Kershaw","LAD",477132,2021,3.03649777864623,1.53518405360513,-0.689587981817921
"Avila"," Alex","Alex Avila","WSH",488671,2021,0.00661209878595131,2.2694638442627,0.924772192229451
"Brantley Jr."," Michael","Michael Brantley Jr.","HOU",488726,2021,-1.06340702912313,1.01183901229014,0.950049260435142
"Castro"," Jason","Jason Castro","HOU",488771,2021,-1.97155667655968,1.41486807905017,-0.442346761804457
"Miley"," Wade","Wade Miley","CIN",489119,2021,3.20414126583637,1.11566590325055,-0.431724813470877
"Gurriel"," Yuli","Yuli Gurriel","HOU",493329,2021,-1.83614823486551,0.683814226414812,1.32278785339789
"Campbell"," Eric","Eric Campbell","SEA",493472,2021,0.918479307992531,0.325785979865867,1.63527677362865
"Rojas"," Miguel","Miguel Rojas","MIA",500743,2021,-0.288122040972469,-0.794899107427403,0.312426018394371
"Escobar"," Eduardo","Eduardo Escobar","ARI",500871,2021,-2.07777549125801,0.58506866293234,-0.571688664949907
"Adrianza"," Ehire","Ehire Adrianza","ATL",501303,2021,-0.99733522791322,0.611768333672814,0.847660502770433
"Lagares"," Juan","Juan Lagares","LAA",501571,2021,-0.157584623808952,-0.2239022821061,-0.095617269764875
"Almonte"," Abraham","Abraham Almonte","ATL",501659,2021,-1.48428522993338,0.0951731268519609,0.64467283348857
"Davis"," Khris","Khris Davis","OAK",501981,2021,-0.0198922415040639,1.63632496905094,-0.246750271721509
"Gibson"," Kyle","Kyle Gibson","TEX",502043,2021,3.46220726228279,0.823948648343651,-2.24171629857093
"Pham"," Tommy","Tommy Pham","SD",502054,2021,-1.68035965032848,-0.634214731204389,0.42911319296877
"Martinez"," J.D.","J.D. Martinez","BOS",502110,2021,-2.56394054139118,1.89151567438526,-0.164110080543479
"Espino"," Paolo","Paolo Espino","WSH",502179,2021,4.04743035978675,1.29438798247736,-1.17314019972626
"Reddick"," Josh","Josh Reddick","ARI",502210,2021,-0.430153449745693,0.708729141346083,0.868472679172018
"Freeman"," Mike","Mike Freeman","CIN",502273,2021,0.977882871520719,-1.85778252865188,1.35340905011762
"Dyson"," Jarrod","Jarrod Dyson","KC",502481,2021,0.272949259358669,-5.82357745192566,-0.775711820677988
"Anderson"," Chase","Chase Anderson","PHI",502624,2021,5.4777721473303,-0.925907226665525,-0.813956827421321
"Goldschmidt"," Paul","Paul Goldschmidt","STL",502671,2021,-2.77593018736173,0.91779930661375,-0.608836526726154
"Gonzalez"," Marwin","Marwin Gonzalez","BOS",503556,2021,0.387026471877615,-0.308644313555183,0.402908076672756
"Darvish"," Yu","Yu Darvish","SD",506433,2021,5.16867410454086,1.92507640881232,-0.2946135751047
"Leon"," Sandy","Sandy Leon","MIA",506702,2021,1.84662229240673,1.27629757105164,-0.0957531577190295
"Sanchez"," Adrian","Adrian Sanchez","WSH",506703,2021,0.740071177248783,0.849124674664031,2.85985693898251
"Altuve"," Jose","Jose Altuve","HOU",514888,2021,-2.16593845229214,-0.0926861985406553,0.121828464428618
"Hernandez"," Cesar","Cesar Hernandez","CLE",514917,2021,-1.30401658925069,-0.138009952150636,0.672029555196002
"Segura"," Jean","Jean Segura","PHI",516416,2021,-1.38456421480113,-0.379040230428096,0.724580171909723
"Castro"," Starlin","Starlin Castro","WSH",516770,2021,-0.583473567985771,0.801734761646607,0.884523421206153
"Marte"," Starling","Starling Marte","OAK",516782,2021,-2.5210561837323,-4.03412378157848,-0.680262042536373
"Bumgarner"," Madison","Madison Bumgarner","ARI",518516,2021,2.27997257665081,2.54194468896614,-0.053022722809537
"Culberson"," Charlie","Charlie Culberson","TEX",518586,2021,-0.306775609235245,-1.83789282226537,-0.0327837519317517
"d'Arnaud"," Travis","Travis d'Arnaud","ATL",518595,2021,-0.582858481337438,1.24856787770867,0.432347652477198
"Donaldson"," Josh","Josh Donaldson","MIN",518626,2021,-2.23033116480169,2.79286020155761,-0.128968150864838
"Freeman"," Freddie","Freddie Freeman","ATL",518692,2021,-2.89455337310528,0.609446088316872,0.0849578034025606
"Grandal"," Yasmani","Yasmani Grandal","CWS",518735,2021,-3.10180384243474,3.79907341036899,0.255697213143347
"Heyward"," Jason","Jason Heyward","CHC",518792,2021,-0.0940717130581477,-0.520417695117817,0.164663581952393
"Kelly"," Merrill","Merrill Kelly","ARI",518876,2021,5.11140704855011,1.05312288217505,-0.158094355461538
"Kozma"," Pete","Pete Kozma","OAK",518902,2021,3.44435100394328,-0.501075004299503,0.792877522406706
"LeMahieu"," DJ","DJ LeMahieu","NYY",518934,2021,-0.660336714749034,0.522847556373973,1.4270313599653
"Lucroy"," Jonathan","Jonathan Lucroy","WSH",518960,2021,-0.0418427321834942,1.05296936302928,0.705835299042551
"Moore"," Matt","Matt Moore","PHI",519043,2021,5.80399568747949,-0.972684825174221,-0.952502423663434
"Moreland"," Mitch","Mitch Moreland","OAK",519048,2021,-0.619505123663646,1.76346805462924,-0.44948086983376
"Moustakas"," Mike","Mike Moustakas","CIN",519058,2021,-0.0972965209062681,1.54455059714433,0.465565860534832
"Rizzo"," Anthony","Anthony Rizzo","CHC",519203,2021,-1.21824995366913,1.07228558827847,0.174847562341658
"Romine"," Austin","Austin Romine","CHC",519222,2021,0.912472813124004,1.55527936955099,1.35463837585897
"Sogard"," Eric","Eric Sogard","CHC",519299,2021,0.571626487944415,-0.613631410024366,1.15985375569153
"Souza Jr."," Steven","Steven Souza Jr.","LAD",519306,2021,0.00707923750681765,0.755688875990878,1.39127050457203
"Stanton"," Giancarlo","Giancarlo Stanton","NYY",519317,2021,-2.58056223637517,2.98923324258592,-0.713268023713732
"Vogt"," Stephen","Stephen Vogt","ARI",519390,2021,0.0136471692340083,0.659343943051915,-0.0314570565884813
"Galvis"," Freddy","Freddy Galvis","BAL",520471,2021,-0.435982424328936,0.789707829910895,-0.0853907405141884
"Perez"," Salvador","Salvador Perez","KC",521692,2021,-2.67624371883986,2.07087999538084,-1.93420091008272
"Flores"," Wilmer","Wilmer Flores","SF",527038,2021,-1.08786576576084,1.84247573578577,0.199780816690131
"LaMarre"," Ryan","Ryan LaMarre","NYY",534606,2021,-2.64545636396158,-1.46399144778538,-0.989669164630011
"Tovar"," Wilfredo","Wilfredo Tovar","NYM",541600,2021,1.26115314499789,-0.438285762811026,1.01249206948874
"Garcia"," Avisail","Avisail Garcia","MIL",541645,2021,-2.92232657828876,0.0667956971661943,-0.809076673228499
"Perez"," Hernan","Hernan Perez","WSH",541650,2021,3.63078306892467,-0.274639560872712,0.791770087547554
"Inciarte"," Ender","Ender Inciarte","ATL",542255,2021,0.0310887032302185,-0.651191096665065,-0.00912259206392494
"Ozuna"," Marcell","Marcell Ozuna","ATL",542303,2021,-1.03915829853268,1.19215848182204,0.288723527153608
"Villar"," Jonathan","Jonathan Villar","NYM",542340,2021,-0.770217125191434,-1.3659104312393,-0.780894125146115
"Ortega"," Rafael","Rafael Ortega","CHC",542364,2021,-1.44857019293504,-1.60578128106941,-0.645155808401216
"Santana"," Danny","Danny Santana","BOS",542454,2021,-0.810308208649247,-2.42278115519711,-1.25061043183671
"Aguilar"," Jesus","Jesus Aguilar","MIA",542583,2021,-1.58597954549436,2.31078946510161,-0.519337164368873
"Anderson"," Tyler","Tyler Anderson","SEA",542881,2021,2.08001882419728,0.0768784922037272,-0.93474386360873
"Berti"," Jon","Jon Berti","MIA",542932,2021,-0.691201637707385,-2.52033679565379,1.33036160985838
"Brantly"," Rob","Rob Brantly","NYY",542963,2021,3.4423943923514,-0.270063469934785,0.187084629493427
"Burns"," Andy","Andy Burns","LAD",542992,2021,-1.98641038293947,0.455413342379903,5.85474892014243
"Crawford"," Brandon","Brandon Crawford","SF",543063,2021,-2.82110899322381,0.637659896250842,-0.648080733376553
"Cron"," C.J.","C.J. Cron","COL",543068,2021,-2.54245757521598,1.89873235265081,-0.482491250288021
"DeSclafani"," Anthony","Anthony DeSclafani","SF",543101,2021,4.94482569356388,1.48588821336984,-1.09262855268166
"Dickerson"," Alex","Alex Dickerson","SF",543105,2021,-1.4163644843993,0.974970824789248,-0.172622397413112
"Gomes"," Yan","Yan Gomes","WSH",543228,2021,-1.33858683104977,1.59742255296091,0.294987158787462
"Gray"," Sonny","Sonny Gray","CIN",543243,2021,4.41454752262544,0.524649966682742,0.133884237881912
"Grossman"," Robbie","Robbie Grossman","DET",543257,2021,-2.06253242834836,-0.939030770883017,0.245276590924387
"Harrison"," Josh","Josh Harrison","WSH",543281,2021,-1.09200345881046,-0.450723518828408,0.618243056614114
"Hendricks"," Kyle","Kyle Hendricks","CHC",543294,2021,5.31523753687913,1.58525304204116,-1.13449082318439
"Hicks"," Aaron","Aaron Hicks","NYY",543305,2021,-1.05058315528466,0.938051942064989,0.463002387390378
"Hicks"," John","John Hicks","TEX",543308,2021,-3.8935127647715,2.54622489332884,-3.70018972910591
"Higashioka"," Kyle","Kyle Higashioka","NYY",543309,2021,-1.112005725585,1.85748957959111,-1.19934653796042
"Hosmer"," Eric","Eric Hosmer","SD",543333,2021,-0.633964496605,0.363235956916798,0.38508186891886
"Lavarnway"," Ryan","Ryan Lavarnway","CLE",543432,2021,1.54840495027722,0.991775583815533,-0.600656885113256
"McCann"," James","James McCann","NYM",543510,2021,-0.468147400463911,0.829073278725653,0.62429886401283
"Miller"," Brad","Brad Miller","PHI",543543,2021,-2.23887901115093,0.624884218032258,-0.413948024591763
"Nola"," Austin","Austin Nola","SD",543592,2021,-0.310433749724299,0.813443408304305,0.655315994736113
"Rendon"," Anthony","Anthony Rendon","LAA",543685,2021,-0.870662296339702,1.9473665478359,1.29340164862156
"Semien"," Marcus","Marcus Semien","TOR",543760,2021,-2.92756037268173,-0.376691181865024,-0.855941923402081
"Shaw"," Travis","Travis Shaw","MIL",543768,2021,-0.294360131778734,1.51419414891287,-1.16337749902586
"Springer III"," George","George Springer III","TOR",543807,2021,-3.57377614237961,0.454708190284999,-0.882432300426162
"Vazquez"," Christian","Christian Vazquez","BOS",543877,2021,0.00950015588404907,0.0976754474776956,0.766484215521351
"Wong"," Kolten","Kolten Wong","MIL",543939,2021,-1.3411297259443,-0.921676620202589,-0.241254967621957
"Gregorius"," Didi","Didi Gregorius","PHI",544369,2021,-0.615395450878055,-0.164761566574118,0.328497823943575
"Garcia"," Leury","Leury Garcia","CWS",544725,2021,-0.760702287040962,-0.931108444828521,1.04374639138313
"Vargas"," Ildemaro","Ildemaro Vargas","ARI",545121,2021,1.28669885146745,-0.616604040248252,0.919581440455291
"Bauer"," Trevor","Trevor Bauer","LAD",545333,2021,5.97974404439164,1.82801804896142,-1.46082768720183
"Grichuk"," Randal","Randal Grichuk","TOR",545341,2021,-1.41932602603717,0.554006064533043,-0.0139044840294974
"Marisnick"," Jake","Jake Marisnick","CHC",545350,2021,-0.800076225246575,-1.23038652916205,-0.211507534042438
"Stassi"," Max","Max Stassi","LAA",545358,2021,-1.38793521602044,1.56130836653831,-0.005766389480027
"Trout"," Mike","Mike Trout","LAA",545361,2021,-4.91873235765977,0.396063703872216,-0.41513621120609
"Herrera"," Odubel","Odubel Herrera","PHI",546318,2021,-0.922148598163079,-0.550171329491271,0.18758372697441
"Alford"," Anthony","Anthony Alford","PIT",546990,2021,-2.17482725151727,-2.81563039449316,0.0831267880664673
"Almora Jr."," Albert","Albert Almora Jr.","NYM",546991,2021,2.7256028218868,-0.911418229873018,1.27677467814735
"Poteet"," Cody","Cody Poteet","MIA",547001,2021,5.20047482670764,1.30744460557999,-1.76404295072758
"Ruiz"," Rio","Rio Ruiz","BAL",547004,2021,1.08113868217249,0.0153615087239345,0.0314680572127977
"Wolters"," Tony","Tony Wolters","CHC",547172,2021,2.62288319058311,-0.177693896893475,1.9012849204553
"Harper"," Bryce","Bryce Harper","PHI",547180,2021,-4.46568547950324,0.649085862615979,-0.594428620211915
"Perez"," Roberto","Roberto Perez","CLE",547379,2021,0.585069815681738,1.1446725555168,-1.94441451413439
"Kim"," Kwang Hyun","Kwang Hyun Kim","STL",547942,2021,3.41332278202938,-0.959942190360917,-0.584570953778674
"Abreu"," Jose","Jose Abreu","CWS",547989,2021,-2.36991268335863,1.78550884730404,0.281020947252051
"Diaz"," Elias","Elias Diaz","COL",553869,2021,-1.2526648957656,1.82441389214314,0.299747280730174
"Narvaez"," Omar","Omar Narvaez","MIL",553882,2021,-0.96858252919056,1.64609336430394,1.01500304908867
"Astudillo"," Willians","Willians Astudillo","MIN",553902,2021,0.378993492490714,2.09302962977539,0.684053358455679
"Suarez"," Eugenio","Eugenio Suarez","CIN",553993,2021,-1.76128116007071,1.58446631830199,-0.831939066107081
"Wheeler"," Zack","Zack Wheeler","PHI",554430,2021,4.15147643226675,1.31572367698418,-0.631378377403343
"Polanco"," Gregory","Gregory Polanco","PIT",570256,2021,-1.19458970146242,-1.55558069554653,-0.223654127116448
"Gonzalez"," Erik","Erik Gonzalez","PIT",570481,2021,0.381795940659532,-0.8284364770444,0.500138973979972
"Urshela"," Gio","Gio Urshela","NYY",570482,2021,-0.99730055612018,1.1843794690366,0.445532758722055
"Schoop"," Jonathan","Jonathan Schoop","DET",570731,2021,-1.1388953890113,0.776861008994053,0.155383326777443
"Adams"," Matt","Matt Adams","COL",571431,2021,1.50652252870267,0.805959342120507,1.45355191671739
"Arenado"," Nolan","Nolan Arenado","STL",571448,2021,-1.64302091478958,1.8305828641104,-0.259926831625418
"Barnhart"," Tucker","Tucker Barnhart","CIN",571466,2021,-0.20693556588275,1.69279605399717,0.548811610219457
"Corbin"," Patrick","Patrick Corbin","WSH",571578,2021,5.19219552883044,1.22936229960146,-0.80290993402622
"Farmer"," Kyle","Kyle Farmer","CIN",571657,2021,-0.954857888885561,0.437574919473492,0.53283728788572
"Goodwin"," Brian","Brian Goodwin","CWS",571718,2021,-0.898767110732027,0.132721837162243,0.199090952527249
"Hamilton"," Billy","Billy Hamilton","CWS",571740,2021,-0.526475589133324,-5.57265356160326,-1.02446716319381
"Haniger"," Mitch","Mitch Haniger","SEA",571745,2021,-2.22156927985753,1.22262505604236,-0.845873521770652
"Hernandez"," Enrique","Enrique Hernandez","BOS",571771,2021,-1.60056732799737,0.563495675689224,0.141906980118993
"Holt"," Brock","Brock Holt","TEX",571788,2021,0.261836812959742,-0.749692988253836,0.922364714767047
"Lamb"," Jake","Jake Lamb","CWS",571875,2021,-1.25401945803816,1.55504557994103,0.0894524723069125
"Maile"," Luke","Luke Maile","MIL",571912,2021,-1.174143364254,1.14526044341725,2.00925751377248
"Marrero"," Deven","Deven Marrero","MIA",571918,2021,-1.92274382511352,-0.721236458014717,3.34167688582926
"Mikolas"," Miles","Miles Mikolas","STL",571945,2021,5.27903340293437,-0.819730107135182,-0.346662774930973
"Muncy"," Max","Max Muncy","LAD",571970,2021,-3.29304784471829,1.45554964041931,-0.980277988357584
"Myers"," Wil","Wil Myers","SD",571976,2021,-1.92999673579862,-0.511693573699275,0.267428412125706
"Naquin"," Tyler","Tyler Naquin","CIN",571980,2021,-2.25841492084399,0.212212397065819,-0.390259660167608
"Owings"," Chris","Chris Owings","COL",572008,2021,-3.40438121869274,-1.36886819064398,-0.214376637366894
"Piscotty"," Stephen","Stephen Piscotty","OAK",572039,2021,-0.164359427444638,0.751162746456602,-0.238895796265899
"Pollock"," AJ","AJ Pollock","LAD",572041,2021,-2.90294152987032,-0.141097756327708,-0.963267697400506
"Seager"," Kyle","Kyle Seager","SEA",572122,2021,-1.57145996324159,1.38038373093074,-1.25159123655959
"Taylor"," Michael A.","Michael A. Taylor","KC",572191,2021,-0.878604889765413,-1.78366616421119,-0.109632401218102
"Thompson"," Trayce","Trayce Thompson","CHC",572204,2021,-8.249573767363,1.20863033583616,-2.61278335035248
"Voit III"," Luke","Luke Voit III","NYY",572228,2021,-1.85652535935847,2.71767915185393,-0.089308775953664
"Walker"," Christian","Christian Walker","ARI",572233,2021,-0.835791359223115,0.599818177339899,0.684219418529593
"Zunino"," Mike","Mike Zunino","TB",572287,2021,-3.16726586186478,2.6050480321108,-2.74685753165711
"Carpenter"," Matt","Matt Carpenter","STL",572761,2021,-0.598825420084372,0.52972935534576,0.327514080695058
"Dickerson"," Corey","Corey Dickerson","MIA",572816,2021,-0.745314938807535,-0.95767457765578,0.971336745367364
"Garneau"," Dustin","Dustin Garneau","DET",572863,2021,-2.15115166333282,1.92243881556404,-1.70178684184095
"Ruf"," Darin","Darin Ruf","SF",573131,2021,-3.1022838430083,1.85110446066753,-0.0807547043846193
"Stroman"," Marcus","Marcus Stroman","NYM",573186,2021,3.87515009289259,-1.05846249663388,-0.890480369905806
"Yastrzemski"," Mike","Mike Yastrzemski","SF",573262,2021,-1.67809017430835,0.350427950336229,-0.90270306150164
"Contreras"," Willson","Willson Contreras","CHC",575929,2021,-2.01520788580216,0.290801434091737,-0.0362836346786966
"Iglesias"," Jose","Jose Iglesias","LAA",578428,2021,-0.92725354015811,-0.869401831158455,0.912554966117719
"Torreyes"," Ronald","Ronald Torreyes","PHI",591720,2021,0.349510718772249,-0.174931619094926,0.252944026900257
"Valera"," Breyvic","Breyvic Valera","TOR",591971,2021,-0.25634780724254,-0.165227355337256,0.424569350997765
"Bryant"," Kris","Kris Bryant","CHC",592178,2021,-2.52720206446545,-0.0832934030414216,-0.104374898064002
"Canha"," Mark","Mark Canha","OAK",592192,2021,-1.61805074159071,-0.425400661284183,0.63978434742801
"Casali"," Curt","Curt Casali","SF",592200,2021,0.404044676666055,1.50350985453545,-0.284032421236102
"Castellanos"," Nick","Nick Castellanos","CIN",592206,2021,-3.48343461902901,1.04334988245314,-0.263280595818457
"DeShields"," Delino","Delino DeShields","CIN",592261,2021,-1.43772692039997,-1.91931202430166,-0.329042451251239
"Drury"," Brandon","Brandon Drury","NYM",592273,2021,-1.21322288260194,1.3422574774394,-0.191311913479254
"Gamel"," Ben","Ben Gamel","PIT",592325,2021,-1.34182990021826,-0.323482117340798,1.01039740912984
"Gausman"," Kevin","Kevin Gausman","SF",592332,2021,3.84220134243192,1.30782282304265,-0.79965539473662
"Gonzalez"," Chi Chi","Chi Chi Gonzalez","COL",592346,2021,3.95966885960091,1.64581678938486,-1.32077380637508
"Goodrum"," Niko","Niko Goodrum","DET",592348,2021,-1.73941780992947,-2.47705892124166,-0.374764701244576
"Gray"," Jon","Jon Gray","TEX",592351,2021,4.91072903348273,1.39231573341106,-1.40791164558201
"Holaday"," Bryan","Bryan Holaday","ARI",592407,2021,2.15833592841937,0.581719206970341,0.530923591172458
"Jones"," JaCoby","JaCoby Jones","DET",592444,2021,-0.060766672539259,-1.70619021809778,-0.427185417768195
"Judge"," Aaron","Aaron Judge","NYY",592450,2021,-3.6651840963256,1.4064807360745,-0.803920472072155
"Machado"," Manny","Manny Machado","SD",592518,2021,-2.64966960807209,0.480901054180304,-0.892407388549619
"Marmolejos"," Jose","Jose Marmolejos","SEA",592530,2021,-0.0967200520919458,1.11232407344907,-0.593382998887518
"Moran"," Colin","Colin Moran","PIT",592567,2021,-0.867184202337274,1.92662873911277,-0.0491992806152411
"Payton"," Mark","Mark Payton","CIN",592622,2021,1.86391485247937,-0.694597887454111,1.42559645960669
"Pederson"," Joc","Joc Pederson","CHC",592626,2021,-1.45085935406376,0.456228263406819,-0.129447289059872
"Ramos"," Henry","Henry Ramos","ARI",592656,2021,0.281879575000567,0.844853912009079,0.120373660257271
"Realmuto"," J.T.","J.T. Realmuto","PHI",592663,2021,-2.1707787260866,-1.04040511089393,-0.0152369562886284
"Renfroe"," Hunter","Hunter Renfroe","BOS",592669,2021,-2.41540458642765,1.0464428519704,-1.26213219571113
"Rosario"," Eddie","Eddie Rosario","CLE",592696,2021,-1.48465231342394,-1.13397759860046,-0.770833482415487
"Sampson"," Adrian","Adrian Sampson","CHC",592716,2021,5.4777721473303,-0.925907226665525,-0.813956827421321
"Sanchez"," Aaron","Aaron Sanchez","SF",592717,2021,5.65036589130825,-0.901515945072675,-0.531984424752542
"Simmons"," Andrelton","Andrelton Simmons","MIN",592743,2021,1.28218973567551,0.423327828556419,1.16251669055911
"Smith"," Caleb","Caleb Smith","ARI",592761,2021,3.13589799938354,-4.7813593037033,-1.24479294883467
"Smyly"," Drew","Drew Smyly","ATL",592767,2021,5.88479233022283,0.905655678979691,-1.27974269022944
"Velasquez"," Vince","Vince Velasquez","SD",592826,2021,3.54207019282478,-0.142886531257967,-0.534732010030341
"Walker"," Taijuan","Taijuan Walker","NYM",592836,2021,3.66011559966992,-0.682230031253586,0.408741244429951
"Wilkerson"," Stevie","Stevie Wilkerson","BAL",592859,2021,1.64822979854252,-2.43843407746818,0.214838497167788
"Williams"," Mason","Mason Williams","NYM",592863,2021,0.0166951032760969,-0.0533934810037301,1.25117565513641
"Williams"," Trevor","Trevor Williams","NYM",592866,2021,5.02545735657818,2.87136346779694,-1.34813628841178
"Yelich"," Christian","Christian Yelich","MIL",592885,2021,-1.64428445520604,-0.734744782674184,0.788164129140966
"Merrifield"," Whit","Whit Merrifield","KC",593160,2021,-1.57706880650482,-3.0743025176878,0.274272398497205
"Martinez"," Carlos","Carlos Martinez","STL",593372,2021,4.59287623924926,-0.800037252349026,-0.591532755899461
"Bogaerts"," Xander","Xander Bogaerts","BOS",593428,2021,-2.66163226629913,0.339493064481447,0.455520425953206
"Bonifacio"," Jorge","Jorge Bonifacio","PHI",593528,2021,2.18090003800468,0.0198555504246922,-0.00872970837965182
"Rivas"," Webster","Webster Rivas","SD",593590,2021,0.622154533140557,1.71344120762231,2.09309705924935
"Alberto"," Hanser","Hanser Alberto","KC",593643,2021,0.223610448194863,-0.937375024617954,-0.501580060962775
"Polanco"," Jorge","Jorge Polanco","MIN",593871,2021,-2.64113329005506,-0.564723633412189,-0.978709778846303
"Sano"," Miguel","Miguel Sano","MIN",593934,2021,-2.24720526195724,1.7942853035682,-1.08274147927014
"Difo"," Wilmer","Wilmer Difo","PIT",594694,2021,-0.993224859647049,-0.421419066898326,0.881416527046673
"Calhoun"," Kole","Kole Calhoun","ARI",594777,2021,-0.325344656320625,1.12802967058281,0.0141738545581384
"deGrom"," Jacob","Jacob deGrom","NYM",594798,2021,-1.40432020768731,-0.358829700409369,0.725217870032774
"Duvall"," Adam","Adam Duvall","MIA",594807,2021,-2.89762363225942,0.557999853411133,-2.00511732109858
"Eaton"," Adam","Adam Eaton","CWS",594809,2021,0.0309933508689695,-0.766617531448656,0.239370134938052
"Gosselin"," Phil","Phil Gosselin","LAA",594838,2021,-1.01950094063585,-1.08734195545057,0.491115168563027
"Schebler"," Scott","Scott Schebler","LAA",594988,2021,1.64545086494544,-0.496269157084204,0.305022606661806
"Kiermaier"," Kevin","Kevin Kiermaier","TB",595281,2021,-1.2090273484683,-2.07320572681563,0.860743293525039
"Knapp"," Andrew","Andrew Knapp","PHI",595284,2021,1.57656210348565,-0.265055766899289,0.11410706562754
"Wallach"," Chad","Chad Wallach","MIA",595453,2021,1.58596147732063,1.47699403263857,0.346712508868097
"Alfaro"," Jorge","Jorge Alfaro","MIA",595751,2021,-0.561886144458006,-1.43127818271884,0.142262590786243
"Profar"," Jurickson","Jurickson Profar","SD",595777,2021,-0.213323911348467,-0.804970231936077,1.27830663474254
"Baez"," Javier","Javier Baez","CHC",595879,2021,-2.93437967915123,-1.11277188570167,-1.34568598215729
"Cave"," Jake","Jake Cave","MIN",595909,2021,0.720167482848921,-0.838201481554716,-0.578112738578162
"Evans"," Phillip","Phillip Evans","PIT",595943,2021,-0.00893491450860631,-0.0609707964854025,0.971745203473227
"Gallagher"," Cam","Cam Gallagher","KC",595956,2021,1.28774444007957,1.00906936405512,0.75635321911469
"Hedges"," Austin","Austin Hedges","CLE",595978,2021,1.51833625026205,1.32006777304639,-0.758584449336956
"Heineman"," Scott","Scott Heineman","CIN",595981,2021,-0.580263449604479,0.408179098327809,-0.493453910595734
"Lindor"," Francisco","Francisco Lindor","NYM",596019,2021,-1.47282846632108,-0.647536038655607,-0.472030130971584
"Nogowski Jr."," John","John Nogowski Jr.","ATL",596056,2021,0.412779778207015,0.81914452266195,1.11432513222733
"Odor"," Rougned","Rougned Odor","NYY",596059,2021,-0.115987497602723,0.548797216113584,-1.14318509394788
"Slater"," Austin","Austin Slater","SF",596103,2021,-2.27338879961652,-2.15205444150648,-0.331266130073607
"Story"," Trevor","Trevor Story","COL",596115,2021,-2.38373674200906,-1.52096716683779,-0.589324801452543
"Stubbs"," Garrett","Garrett Stubbs","HOU",596117,2021,2.36267105222811,-1.0073120619784,-0.0163030994315762
"Vogelbach"," Daniel","Daniel Vogelbach","MIL",596129,2021,-0.982457851807668,2.10155319920772,0.759103625547283
"Weaver"," Luke","Luke Weaver","ARI",596133,2021,3.38123753895417,-0.4938461656053,-0.137067408480608
"Sanchez"," Gary","Gary Sanchez","NYY",596142,2021,-1.60199203020756,2.16571695267185,-0.302095007942572
"Kepler"," Max","Max Kepler","MIN",596146,2021,-1.6861838577145,-0.481223485377364,-0.624702381003516
"Gomber"," Austin","Austin Gomber","COL",596295,2021,4.90234685346907,1.18200221771183,-0.129497390616234
"Quinn"," Roman","Roman Quinn","PHI",596451,2021,-0.633328573502465,-5.90383548153068,0.290930970543631
"Franco"," Maikel","Maikel Franco","BAL",596748,2021,0.38698289405323,1.55359947698185,0.110108790018256
"Garcia"," Robel","Robel Garcia","HOU",596825,2021,1.9095378112146,-0.292710860185977,0.638966957888157
"Choi"," Ji-Man","Ji-Man Choi","TB",596847,2021,-1.90110922629886,1.61831383113409,0.288833938900393
"Bradley Jr."," Jackie","Jackie Bradley Jr.","MIL",598265,2021,0.626879285421576,-1.10161043948052,0.357547283624883
"Motter"," Taylor","Taylor Motter","COL",600301,2021,0.415098073342088,0.36792467631705,2.02416322980054
"La Stella"," Tommy","Tommy La Stella","SF",600303,2021,-0.65870927624187,1.27877892221234,0.158214122741662
"Severino"," Pedro","Pedro Severino","BAL",600474,2021,-0.771439114857433,1.11061010228226,0.423868067081275
"Nunez"," Renato","Renato Nunez","DET",600524,2021,-0.400784619630527,0.93881470302801,-0.598549755175168
"Candelario"," Jeimer","Jeimer Candelario","DET",600869,2021,-1.71501099980164,0.835325627205309,0.63628657692026
"Daza"," Yonathan","Yonathan Daza","COL",602074,2021,-0.127145409981253,-0.624813486104591,1.19856076913762
"Urias"," Ramon","Ramon Urias","BAL",602104,2021,-1.65753341009424,0.584636859089669,0.162775630701702
"Rondon"," Jose","Jose Rondon","STL",602922,2021,-1.34032262611984,-0.604072190092455,0.186470186367712
"Ahmed"," Nick","Nick Ahmed","ARI",605113,2021,0.450172618401578,-1.0319794932982,0.475109643834999
"Anderson"," Brian","Brian Anderson","MIA",605119,2021,-1.29800571058526,-0.179416121155822,0.287456841723976
"Barnes"," Austin","Austin Barnes","LAD",605131,2021,0.199622568111386,0.287713812372066,0.203738560121219
"Bell"," Josh","Josh Bell","WSH",605137,2021,-2.0438410627012,1.84471872028678,0.421669662269897
"Betts"," Mookie","Mookie Betts","LAD",605141,2021,-2.13477225522202,-0.075375413942263,-0.0381607086379421
"Caratini"," Victor","Victor Caratini","SD",605170,2021,-0.300746599650336,1.37816639342188,0.937343950632299
"Davies"," Zach","Zach Davies","CHC",605200,2021,4.18240301139608,0.787585877174332,-0.995026310253464
"Davis"," J.D.","J.D. Davis","NYM",605204,2021,-2.04935845719517,1.02747830983442,0.528917121500818
"Garcia"," Aramis","Aramis Garcia","OAK",605244,2021,1.4097961032784,1.08691359190896,-0.183969769925957
"Houser"," Adrian","Adrian Houser","MIL",605288,2021,2.08150099487204,0.32991436751528,-2.38756001454282
"Lopez"," Jack","Jack Lopez","BOS",605346,2021,1.63647106147233,-0.0107106223178768,-0.421523510038787
"Machin"," Vimael","Vimael Machin","OAK",605353,2021,2.7617673526201,0.364874780379969,1.61084122061116
"Martini"," Nick","Nick Martini","CHC",605361,2021,-0.654159683216804,0.565459992710202,0.931631066073389
"Musgrove"," Joe","Joe Musgrove","SD",605397,2021,3.71140999507856,-0.581097618375965,-0.239958712334711
"Nola"," Aaron","Aaron Nola","PHI",605400,2021,2.99871043785432,0.841592024612532,-0.0543678177215708
"Panik"," Joe","Joe Panik","MIA",605412,2021,0.798722227493348,0.0383517622942171,1.17831754698265
"Perez"," Michael","Michael Perez","PIT",605421,2021,0.809198394304528,1.13893281752342,-0.19490706888821
"Ross"," Joe","Joe Ross","WSH",605452,2021,1.7511661328812,-0.645916055626916,0.110551409011825
"Snell"," Blake","Blake Snell","SD",605483,2021,5.72934605821274,2.66711365231949,-0.696285696994179
"Thompson"," Zach","Zach Thompson","MIA",605507,2021,5.01545021667036,0.528477127729084,-1.04369166073545
"Woodruff"," Brandon","Brandon Woodruff","MIL",605540,2021,5.35239225352384,2.85150043538025,-1.30145604008498
"Zimmer"," Bradley","Bradley Zimmer","CLE",605548,2021,-1.60961151732791,-2.63483192370927,-0.253682060792129
"Castro"," Harold","Harold Castro","DET",605612,2021,-0.267441462815657,0.419601976805031,0.701131341288003
"Arcia"," Orlando","Orlando Arcia","ATL",606115,2021,-0.0971462826298981,0.105068483218985,0.150775839455147
"Tapia"," Raimel","Raimel Tapia","COL",606132,2021,-0.609178684178563,-2.51144302797669,0.52326358967196
"Aquino"," Aristides","Aristides Aquino","CIN",606157,2021,-1.92374856258724,-0.0613287905389607,-1.15895030609698
"Hernandez"," Teoscar","Teoscar Hernandez","TOR",606192,2021,-3.39988227521507,-0.258879775449717,-1.43905215370743
"Mercedes"," Yermin","Yermin Mercedes","CWS",606213,2021,-1.31570317472262,1.11322773995219,0.509080927855199
"Peraza"," Jose","Jose Peraza","NYM",606299,2021,-0.758480796031887,0.217796079710877,0.350688136226348
"Marte"," Ketel","Ketel Marte","ARI",606466,2021,-2.3437933748348,0.986057302904331,0.217230939195291
"Greiner"," Grayson","Grayson Greiner","DET",606988,2021,0.57234334381459,0.492160397860497,-0.0531918348793269
"Haase"," Eric","Eric Haase","DET",606992,2021,-2.32728102036417,0.936501424544016,-0.821907945079854
"Hager"," Jake","Jake Hager","ARI",606993,2021,1.10406007381243,-0.195566432917726,1.53599349691219
"Nimmo"," Brandon","Brandon Nimmo","NYM",607043,2021,-1.40476397967872,-1.11031913440722,0.884314886218269
"Peterson"," Jace","Jace Peterson","MIL",607054,2021,-1.49300254712485,-1.54317534956388,0.429843318203833
"Wilson"," Jacob","Jacob Wilson","HOU",607111,2021,2.08019843446629,0.875827803805798,1.06828504193271
"Fedde"," Erick","Erick Fedde","WSH",607200,2021,6.01797984858498,-0.016599257410624,-1.14441305035449
"Turner"," Trea","Trea Turner","WSH",607208,2021,-3.40041804113379,-2.502851550676,0.252424006783033
"Gant"," John","John Gant","STL",607231,2021,5.63021305407457,-0.947765917576438,-0.878697760301007
"Smith"," Kevan","Kevan Smith","ATL",607345,2021,1.93815670791625,0.806952704219766,1.68943704914696
"Beaty"," Matt","Matt Beaty","LAD",607461,2021,-1.48234048429881,0.183465357087168,0.155999388675211
"Blandino"," Alex","Alex Blandino","CIN",607468,2021,1.18998757662702,0.241563955383359,0.826785042336337
"Freeland"," Kyle","Kyle Freeland","COL",607536,2021,2.87884979959703,0.607843380099414,-0.508215399260476
"Pillar"," Kevin","Kevin Pillar","NYM",607680,2021,-1.24439140047158,-0.373866018572178,-0.745216473368322
"Stallings"," Jacob","Jacob Stallings","PIT",607732,2021,-0.494659947542351,1.95924731313703,0.871044508165897
"Ramirez"," Jose","Jose Ramirez","CLE",608070,2021,-3.45029481625207,-1.03983845165912,-0.83811481924785
"Bregman"," Alex","Alex Bregman","HOU",608324,2021,-1.49408360331131,1.54853056793065,0.889623262341425
"De Jong"," Chase","Chase De Jong","PIT",608328,2021,5.07443441531851,0.208247506200893,-1.01185239031524
"Fried"," Max","Max Fried","ATL",608331,2021,1.36560445767895,0.152990713453301,0.255912166150897
"Gallo"," Joey","Joey Gallo","TEX",608336,2021,-2.84893568818427,1.10503893669546,-1.06980410697457
"Kelly"," Carson","Carson Kelly","ARI",608348,2021,-1.50236700669284,1.89196360911374,0.530547161219301
"Seager"," Corey","Corey Seager","LAD",608369,2021,-2.78671634214363,1.45098659375078,0.0889582251002279
"Williams"," Nick","Nick Williams","CWS",608384,2021,2.68379481858851,0.523378013809513,3.87766954393309
"Winker"," Jesse","Jesse Winker","CIN",608385,2021,-2.92426679206438,1.95073303856275,0.10788908758054
"Godoy"," Jose","Jose Godoy","SEA",608422,2021,1.75637298221494,0.976019393369418,1.62350499565276
"Marquez"," German","German Marquez","COL",608566,2021,1.11102974817032,1.17325596048246,-1.47703462908145
"Mazara"," Nomar","Nomar Mazara","DET",608577,2021,-0.219602759988006,0.780120200223184,0.622906078231865
"Murphy"," Tom","Tom Murphy","SEA",608596,2021,-0.900337439612419,1.08602992419418,0.542360191922721
"Guzman"," Ronald","Ronald Guzman","TEX",608597,2021,2.45108153018723,1.58859387770283,-2.3372376701676
"Jankowski"," Travis","Travis Jankowski","PHI",608671,2021,-0.247641657420462,-2.10977586605026,0.855515806975306
"Mayfield"," Jack","Jack Mayfield","LAA",608686,2021,-0.465543383415459,-0.664888823387367,-0.783487450956504
"Plawecki"," Kevin","Kevin Plawecki","BOS",608700,2021,0.0722113601681674,1.14426473389748,0.24831169271012
"Refsnyder"," Rob","Rob Refsnyder","MIN",608701,2021,-0.964447973397346,0.172258856152379,1.46583982041109
"Mondesi"," Adalberto","Adalberto Mondesi","KC",609275,2021,-2.13081110325584,-6.6518986776679,-3.50700005789532
"Andujar"," Miguel","Miguel Andujar","NYY",609280,2021,-0.710242947060362,0.481600984848208,1.19361167822546
"Vosler"," Jason","Jason Vosler","SF",613564,2021,-0.876905646332194,0.0228466240019463,0.57948705472806
"Cordero"," Franchy","Franchy Cordero","BOS",614173,2021,1.02804771744903,-1.54875529356226,0.0267580481298275
"Reyes"," Franmil","Franmil Reyes","CLE",614177,2021,-2.80686069119952,1.84227676081936,-1.46717884544406
"Torrens"," Luis","Luis Torrens","SEA",620443,2021,-1.35081892832521,1.19414884229498,-0.209601090356851
"Robertson"," Daniel","Daniel Robertson","MIL",621002,2021,0.645092062481218,0.78224369346836,0.482334538830798
"Lopes"," Tim","Tim Lopes","MIL",621005,2021,2.09730826721466,-3.95946892464413,0.194725384304055
"Martin Jr."," Richie","Richie Martin Jr.","BAL",621006,2021,0.522586205733349,-1.56082814563006,0.749022355944503
"Schrock"," Max","Max Schrock","CIN",621011,2021,-1.22355370433378,-0.428122012496071,0.338767241246137
"Swanson"," Dansby","Dansby Swanson","ATL",621020,2021,-2.15742458968356,-0.391815547617667,-0.647640743919587
"Newman"," Kevin","Kevin Newman","PIT",621028,2021,0.636419068451534,-1.26852428233824,0.476592035750287
"Taylor"," Chris","Chris Taylor","LAD",621035,2021,-2.22171922296839,-0.794097678951089,-0.256110226519754
"Correa"," Carlos","Carlos Correa","HOU",621043,2021,-2.35100491647047,1.33624097567806,0.41739115855468
"Eflin"," Zach","Zach Eflin","PHI",621107,2021,6.51445262268451,1.20594692228663,-1.55280780807998
"Buehler"," Walker","Walker Buehler","LAD",621111,2021,4.41369382968469,0.378463887571872,-0.583302032389043
"Mills"," Alec","Alec Mills","CHC",621219,2021,4.90195535955383,-0.839512535213198,-0.658959190535029
"Dahl"," David","David Dahl","TEX",621311,2021,-0.0898808340802268,-0.822433526892656,0.0504738257351818
"Phillips"," Brett","Brett Phillips","TB",621433,2021,-2.29118750203649,-2.56462673016317,-1.49324172695884
"Taylor"," Tyrone","Tyrone Taylor","MIL",621438,2021,-2.07337436672561,-0.514448346141367,-0.403556079411553
"Buxton"," Byron","Byron Buxton","MIN",621439,2021,-4.32857494420382,-1.75144810108677,-2.14677470995232
"Brinson"," Lewis","Lewis Brinson","MIA",621446,2021,-0.41374044414629,-0.392013267680176,-0.255061649908684
"Bolt"," Skye","Skye Bolt","OAK",621450,2021,2.13790111598726,-6.67232317333836,-2.61591524544497
"Duggar"," Steven","Steven Duggar","SF",621453,2021,-2.07089227655729,-0.932097822928723,0.230440066844439
"Rios"," Edwin","Edwin Rios","LAD",621458,2021,1.19183115112121,0.86579074438193,1.5470480119837
"Stewart"," DJ","DJ Stewart","BAL",621466,2021,-1.1373950386008,0.909576500043682,0.0995859307475998
"Ward"," Taylor","Taylor Ward","LAA",621493,2021,-1.73966886510736,0.18234926317082,-0.34242920761979
"Mathisen"," Wyatt","Wyatt Mathisen","ARI",621500,2021,0.486422125566882,0.506728528723808,-0.2505449990483
"Nido"," Tomas","Tomas Nido","NYM",621512,2021,0.200533764358051,0.817698413227016,0.259740543976274
"Bemboom"," Anthony","Anthony Bemboom","LAA",621532,2021,1.22383945371675,0.172663610091498,1.73236035074993
"Wisdom"," Patrick","Patrick Wisdom","CHC",621550,2021,-3.25866951412852,0.679728857124315,-1.55586879966746
"Moroff"," Max","Max Moroff","STL",621559,2021,2.56355223816904,0.0691618581195855,-1.50621274804222
"Wendle"," Joey","Joey Wendle","TB",621563,2021,-1.13845465906442,-0.988890719275065,0.437187924669453
"Olson"," Matt","Matt Olson","OAK",621566,2021,-2.98296381392868,1.84871673136628,-0.491056325566455
"Dean"," Austin","Austin Dean","STL",621573,2021,-1.85938383124852,0.580809267608803,0.306539436784398
"Wood"," Alex","Alex Wood","SF",622072,2021,5.77805604803049,-0.0662598865665984,-1.09039190054768
"Jones"," Taylor","Taylor Jones","HOU",622100,2021,-0.509525352267288,1.43209922563756,0.639285452922582
"Duffy"," Matt","Matt Duffy","CHC",622110,2021,-1.25665349843137,0.0851824223989442,1.78575688637991
"Munoz"," Yairo","Yairo Munoz","BOS",622168,2021,3.60751056212337,-0.621382276261781,0.256430599451818
"Walton"," Donovan","Donovan Walton","SEA",622268,2021,0.104333509139848,-0.482698206241238,-1.00650280325331
"Castillo"," Luis","Luis Castillo","CIN",622491,2021,3.72771507179455,0.514379141936444,-0.369320426474894
"Crismatt"," Nabil","Nabil Crismatt","STL",622503,2021,6.23997668023374,-1.03520068110281,-1.1376614914724
"Margot"," Manuel","Manuel Margot","TB",622534,2021,-1.29587346849629,-1.99449767020844,-0.0786352146565829
"Reyes"," Pablo","Pablo Reyes","MIL",622569,2021,-0.541085477470016,-2.06548043975939,1.17815542974908
"Senzatela"," Antonio","Antonio Senzatela","COL",622608,2021,6.32188969271392,1.18375721992293,-1.65009622164327
"Camargo"," Johan","Johan Camargo","ATL",622666,2021,5.28012113298924,1.18016437588257,0.0332607904623897
"Reyes"," Victor","Victor Reyes","DET",622682,2021,-0.888413473648492,-1.59544706974497,-0.735891863771898
"Hernandez"," Elieser","Elieser Hernandez","MIA",622694,2021,4.66750782086049,-0.818244080014774,-0.546987613212246
"Mateo"," Jorge","Jorge Mateo","BAL",622761,2021,-0.986011529571971,-4.0908283129012,-0.531110571252346
"Velazquez"," Andrew","Andrew Velazquez","NYY",623205,2021,-1.79619153931817,-4.86109324890371,-1.36339445884684
"Giambrone"," Trent","Trent Giambrone","CHC",623508,2021,3.5819774909107,-1.2752222917735,0.288892125651638
"Bote"," David","David Bote","CHC",623520,2021,-0.413425066812439,0.749417218557394,0.628557391768523
"Ramirez"," Harold","Harold Ramirez","CLE",623912,2021,-0.873240553591289,-0.483047609221426,0.595113611998779
"Santander"," Anthony","Anthony Santander","BAL",623993,2021,-0.800492496260478,1.17041912170973,-0.365412046989011
"Suarez"," Ranger","Ranger Suarez","PHI",624133,2021,3.5392003091936,1.74679056489675,-0.774379821053137
"Alonso"," Pete","Pete Alonso","NYM",624413,2021,-2.70054437680139,1.75604096782248,-0.595256734265346
"Arroyo"," Christian","Christian Arroyo","BOS",624414,2021,-0.880682269113218,0.00936240502685098,-1.0385024558553
"Biggio"," Cavan","Cavan Biggio","TOR",624415,2021,-0.973639572919318,-0.490699678785044,0.720218323010415
"Conforto"," Michael","Michael Conforto","NYM",624424,2021,-1.49969297322295,0.996728514929551,0.900304405163802
"Frazier"," Adam","Adam Frazier","PIT",624428,2021,-0.467734510378672,-0.779045506154458,1.07695111579974
"Trevino"," Jose","Jose Trevino","TEX",624431,2021,0.616946482074023,1.33297050321654,0.58673789105769
"Gordon"," Nick","Nick Gordon","MIN",624503,2021,-1.22760222903657,-2.23188532982119,0.191530019057287
"McGuire"," Reese","Reese McGuire","TOR",624512,2021,0.460372073490351,0.325284360362301,1.24802731736739
"Nunez"," Dom","Dom Nunez","COL",624513,2021,-0.975757473774244,1.52291230614965,-0.61426542078622
"Soler"," Jorge","Jorge Soler","KC",624585,2021,-1.53946074522984,1.41308430790214,-0.302722701851922
"Sosa"," Edmundo","Edmundo Sosa","STL",624641,2021,-0.895605755902976,-1.278556207886,0.960083986483567
"Heredia"," Guillermo","Guillermo Heredia","ATL",628338,2021,-0.449871625756857,0.00267668294832907,1.23535871869656
"Hernandez"," Yadiel","Yadiel Hernandez","WSH",628450,2021,-1.00103200492202,1.02486721079009,0.760399983592029
"Ibanez"," Andy","Andy Ibanez","TEX",628451,2021,-1.00912134105783,0.16439194331419,0.437373769823264
"Urias"," Julio","Julio Urias","LAD",628711,2021,3.58137243501451,2.4808734508618,-1.40798524731631
"Cronenworth"," Jake","Jake Cronenworth","SD",630105,2021,-1.59535380722121,-0.342593486649157,0.100363595647296
"Crowe"," Wil","Wil Crowe","PIT",640444,2021,5.47369377563623,1.57009139489147,-1.46057236325246
"Frazier"," Clint","Clint Frazier","NYY",640449,2021,-0.720791452919816,0.63588321319672,1.28393728526019
"Meadows"," Austin","Austin Meadows","TB",640457,2021,-2.25874807273973,0.30994518737642,-0.739240120325829
"Mercado"," Oscar","Oscar Mercado","CLE",640458,2021,-0.0616187195942257,-2.12935783314904,-0.577107700072154
"Pinder"," Chad","Chad Pinder","OAK",640461,2021,-1.48303144834765,1.08338820543764,-0.289030335430004
"Alzolay"," Adbert","Adbert Alzolay","CHC",640470,2021,5.54141039314019,0.853292559584921,-0.138622331765563
"Lopez"," Pablo","Pablo Lopez","MIA",641154,2021,4.68016961703343,0.839683130353467,-0.594094858934887
"Anderson"," Tim","Tim Anderson","CWS",641313,2021,-1.8938725126903,-1.6234545783816,-0.481813884142149
"Bauers"," Jake","Jake Bauers","SEA",641343,2021,-0.134858764595589,-1.16957486741681,0.479698249257413
"Bellinger"," Cody","Cody Bellinger","LAD",641355,2021,-0.3982911881798,-0.77619702798405,-0.148279470837384
"Calhoun"," Willie","Willie Calhoun","TEX",641432,2021,-0.134334964406897,0.693282787037555,0.77940808805778
"Collins"," Zack","Zack Collins","CWS",641470,2021,-0.4563627042626,1.0605624326041,-0.0164960932152131
"Crawford"," J.P.","J.P. Crawford","SEA",641487,2021,-0.559509426695202,-0.310175852889109,1.1719690532491
"Davis"," Jonathan","Jonathan Davis","TOR",641505,2021,0.442422923596103,-3.26175436891268,0.251661009086014
"Dozier"," Hunter","Hunter Dozier","KC",641531,2021,-1.09551840276593,-0.280208965580156,0.209864714733299
"Engel"," Adam","Adam Engel","CWS",641553,2021,-3.17305327155583,-2.35568360270779,-0.229402135212189
"Fargas"," Johneshwy","Johneshwy Fargas","CHC",641561,2021,0.398934252272364,-2.38467149133708,0.474459466026675
"Fowler"," Dustin","Dustin Fowler","PIT",641583,2021,1.29013572738238,-2.35192078550243,0.677670169394939
"Fraley"," Jake","Jake Fraley","SEA",641584,2021,-2.12958676716267,-1.33885529629499,0.155954371655137
"Garver"," Mitch","Mitch Garver","MIN",641598,2021,-2.85474703881771,1.90972294040068,-0.950951420308018
"Guillorme"," Luis","Luis Guillorme","NYM",641645,2021,0.404918673356312,0.0368598563234805,1.61194260688778
"Hampson"," Garrett","Garrett Hampson","COL",641658,2021,-0.806981706039313,-3.09096399369395,-0.0674706490156659
"Heim"," Jonah","Jonah Heim","TEX",641680,2021,-0.0352398985612646,0.425924485461133,-0.387393183236838
"Hermosillo"," Michael","Michael Hermosillo","CHC",641684,2021,-2.9218087955447,1.76325363378842,-0.806077574448797
"Kuhl"," Chad","Chad Kuhl","PIT",641771,2021,6.35308272924854,1.48477818113783,-1.29535960004072
"Lauer"," Eric","Eric Lauer","MIL",641778,2021,1.3340240099267,0.696410177058704,-0.262129031726654
"Lewis"," Kyle","Kyle Lewis","SEA",641786,2021,-1.97303076750337,0.026273136264339,-0.130856948156323
"Locastro"," Tim","Tim Locastro","ARI",641796,2021,-0.0611748070534546,-3.95510215053302,0.738441806537233
"Mahle"," Tyler","Tyler Mahle","CIN",641816,2021,4.34395005736202,0.117099161100434,0.484466852676399
"Mancini III"," Trey","Trey Mancini III","BAL",641820,2021,-1.49337728316063,1.38148489229148,0.389429478785348
"Martin"," Jason","Jason Martin","TEX",641829,2021,-0.465487782760616,-1.2085288558156,-1.23271845389309
"McKinney"," Billy","Billy McKinney","MIL",641856,2021,-0.592871242072941,-0.131486129273162,0.271037892871414
"McMahon"," Ryan","Ryan McMahon","COL",641857,2021,-1.90393966820457,0.816949988252692,0.170853573836306
"Neuse"," Sheldon","Sheldon Neuse","LAD",641914,2021,-0.0762428302738965,-1.21174042627772,-1.23501306054667
"Nottingham"," Jacob","Jacob Nottingham","SEA",641924,2021,-0.69090901163133,1.86229950206256,-2.52234060716413
"O'Neill"," Tyler","Tyler O'Neill","STL",641933,2021,-4.05629173569729,-0.810984610257601,-1.43135210801188
"Palacios"," Josh","Josh Palacios","TOR",641943,2021,0.902178487153388,-0.70093775717041,0.489459224966466
"Rogers"," Josh","Josh Rogers","WSH",642028,2021,5.24186776317879,-0.809763284404279,-0.308019560152412
"Sisco"," Chance","Chance Sisco","BAL",642082,2021,2.25408361417972,0.845381305407732,0.85090761036823
"Smith"," Dominic","Dominic Smith","NYM",642086,2021,-0.937234355805037,0.629165606673216,0.674798842851726
"Smith"," Riley","Riley Smith","ARI",642092,2021,5.22472024234202,-0.889621799783122,-0.706486878929038
"Tellez"," Rowdy","Rowdy Tellez","MIL",642133,2021,-0.896203684492675,1.72183425852971,-0.389447372559081
"Valaika"," Pat","Pat Valaika","BAL",642162,2021,0.222329269094537,-0.0205785483640576,0.293992910062125
"VanMeter"," Josh","Josh VanMeter","ARI",642165,2021,-0.659097702199164,-0.188662088419627,0.563100589894096
"Wade"," Tyler","Tyler Wade","NYY",642180,2021,-1.30541344098612,-6.97163192455116,0.705020428064828
"White"," Eli","Eli White","TEX",642201,2021,-0.733224659165827,-2.39170021693668,0.15762116735861
"Widener"," Taylor","Taylor Widener","ARI",642203,2021,6.15893200494234,1.23000163012718,-1.10976858220828
"Williams"," Justin","Justin Williams","STL",642211,2021,-0.333386466717446,0.745867225795311,0.160964216820251
"Wong"," Kean","Kean Wong","LAA",642221,2021,1.48362954665771,-1.08186037794144,-0.762792500528213
"Mejia"," Francisco","Francisco Mejia","TB",642336,2021,-0.81350313982858,0.358363160632913,0.36636447264669
"Siri"," Jose","Jose Siri","HOU",642350,2021,-4.95963852734219,-3.00961452030432,-3.03225244897611
"Sierra"," Magneuris","Magneuris Sierra","MIA",642423,2021,0.855766398783547,-4.25782940105664,0.273940816870342
"Peralta"," Freddy","Freddy Peralta","MIL",642547,2021,4.99515843073176,1.27118420152927,-0.201152226333152
"Rosario"," Amed","Amed Rosario","CLE",642708,2021,-1.29191242773682,-1.64028785218524,0.96259255875569
"Adames"," Willy","Willy Adames","MIL",642715,2021,-2.46940195833185,0.229967096928638,-0.248999792640069
"Gutierrez"," Kelvin","Kelvin Gutierrez","BAL",642721,2021,0.146788509470774,-0.396483628196121,1.05864571411722
"Alcantara"," Sergio","Sergio Alcantara","CHC",642727,2021,-0.0147995591762354,-0.308830373077692,0.716179329900024
"Estrada"," Thairo","Thairo Estrada","SF",642731,2021,-2.50351700449952,-0.223689844873485,-0.485291888043088
"Leyba"," Domingo","Domingo Leyba","BAL",642736,2021,1.5523927458176,0.591016322349456,1.57129468854252
"Wynns"," Austin","Austin Wynns","BAL",642851,2021,1.44690392326089,0.953678110618244,-0.122625425762583
"Benintendi"," Andrew","Andrew Benintendi","KC",643217,2021,-1.84519626764651,-0.639781105711512,-0.640550340843319
"Cooper"," Garrett","Garrett Cooper","MIA",643265,2021,-2.28511847107723,1.39517334766847,0.368244225653708
"Craig"," Will","Will Craig","PIT",643269,2021,0.753701546575492,0.788779710147128,0.692875439608847
"Dubon"," Mauricio","Mauricio Dubon","SF",643289,2021,-0.810528462185186,-0.842353582271881,0.351633274752099
"Jansen"," Danny","Danny Jansen","TOR",643376,2021,-1.21323968364136,0.818400153728051,-0.931325693696937
"Kemp"," Tony","Tony Kemp","OAK",643393,2021,-1.16517632797058,-0.538685232620401,0.835336139416793
"Kiner-Falefa"," Isiah","Isiah Kiner-Falefa","TEX",643396,2021,-0.308357040438021,-2.02472893652905,0.52060547259408
"Long Jr."," Shed","Shed Long Jr.","SEA",643418,2021,0.240352225691018,0.0904398194190567,-0.520696763069803
"McNeil"," Jeff","Jeff McNeil","NYM",643446,2021,-0.615707430890752,-0.368430877606263,1.18141019640168
"Schwindel"," Frank","Frank Schwindel","CHC",643524,2021,-2.67387858381104,1.05977620552306,-0.666465771248499
"Tauchman"," Mike","Mike Tauchman","SF",643565,2021,0.154634601321408,-1.37740125774169,-0.400840801079129
"Chang"," Yu","Yu Chang","CLE",644374,2021,-1.28299535494756,0.309946723532636,-0.392935516546245
"Tromp"," Chadwick","Chadwick Tromp","SF",644433,2021,-0.369621584650094,1.18253275813743,0.0287299021092505
"Alcantara"," Sandy","Sandy Alcantara","MIA",645261,2021,5.27592921105139,0.275366269780519,-0.640230255579349
"Albies"," Ozzie","Ozzie Albies","ATL",645277,2021,-2.60850151050568,-1.52022086498781,-0.906085081866539
"Robles"," Victor","Victor Robles","WSH",645302,2021,0.447927670846229,-1.85898951903528,0.805525307556908
"Ford"," Mike","Mike Ford","NYY",645801,2021,-0.032506734417824,3.03554935568339,-1.11650305853164
"Devers"," Rafael","Rafael Devers","BOS",646240,2021,-3.19803404629174,0.948868568738082,-0.922755359873555
"Naylor"," Josh","Josh Naylor","CLE",647304,2021,-0.533465466385495,0.803253135977931,0.447728809383077
"Toro"," Abraham","Abraham Toro","SEA",647351,2021,-1.34405203055651,-0.800138912563315,0.0333647244019094
"Diaz"," Aledmys","Aledmys Diaz","HOU",649557,2021,-1.20298446729211,0.501646338056736,0.380004446190453
"Urias"," Luis","Luis Urias","MIL",649966,2021,-1.67949528171948,0.862635150935033,-0.311069481737285
"Diaz"," Lewin","Lewin Diaz","MIA",650331,2021,-0.625907949852976,1.56213424969983,-1.47847536589788
"Arraez"," Luis","Luis Arraez","MIN",650333,2021,-0.940478407938117,0.0790495350898565,1.76912161429033
"Jimenez"," Eloy","Eloy Jimenez","CWS",650391,2021,-1.83757819428354,1.10239823403643,-0.0295920415763767
"Torres"," Gleyber","Gleyber Torres","NYY",650402,2021,-1.15105190895508,-0.866020266405279,0.381182966381412
"Castro"," Willi","Willi Castro","DET",650489,2021,-0.38131267643679,-1.88175693881521,-0.124465735644187
"Diaz"," Yandy","Yandy Diaz","TB",650490,2021,-1.19315309432756,0.971742934921988,0.837936989526532
"De La Cruz"," Bryan","Bryan De La Cruz","MIA",650559,2021,-1.5327583547104,0.240443160816007,1.58711583497572
"Rengifo"," Luis","Luis Rengifo","LAA",650859,2021,0.119100193487272,-0.531245993979519,-0.327363527486457
"Pozo"," Yohel","Yohel Pozo","TEX",650968,2021,-0.0306360792361469,1.22288754774194,0.35668675078776
"Adams"," Riley","Riley Adams","WSH",656180,2021,-1.43442982997569,1.28760160072992,0.653964091121576
"Allen"," Greg","Greg Allen","NYY",656185,2021,-2.17067090442584,-4.03770600373858,0.258197340013023
"Bradley"," Bobby","Bobby Bradley","CLE",656252,2021,-2.25503677536133,1.32918993766799,-1.37191382428932
"Chapman"," Matt","Matt Chapman","OAK",656305,2021,-1.90864537927792,0.44322875498699,-0.453963825406831
"Chavis"," Michael","Michael Chavis","BOS",656308,2021,-0.668142749357377,-0.966641745293119,0.479723498413746
"Deichmann"," Greg","Greg Deichmann","CHC",656364,2021,2.51338484630361,-0.36714837120837,0.604327621235896
"Diaz"," Isan","Isan Diaz","MIA",656371,2021,0.754520104638689,0.434606841519319,0.558216238592045
"Ellis"," Drew","Drew Ellis","ARI",656403,2021,1.06846957337123,0.117128726632402,1.20292294638454
"Fairchild"," Stuart","Stuart Fairchild","ARI",656413,2021,1.05772018094807,0.675731077096819,2.31609635898985
"Flaherty"," Jack","Jack Flaherty","STL",656427,2021,-0.780675742328154,0.960175912737737,-0.461686945030929
"Gilbert"," Tyler","Tyler Gilbert","ARI",656457,2021,6.23997668023374,-1.03520068110281,-1.1376614914724
"Gittens"," Chris","Chris Gittens","NYY",656467,2021,1.0396270922977,1.22364110189118,-0.42863085215823
"Harrison"," Monte","Monte Harrison","MIA",656509,2021,2.14342297112887,-4.66449478530825,-0.916454385307571
"Haseley"," Adam","Adam Haseley","PHI",656514,2021,2.24158753912304,-0.541476734177566,0.676013105327965
"Hill"," Derek","Derek Hill","DET",656537,2021,-1.87615783040955,-3.22753632427749,0.361103413671369
"Hilliard"," Sam","Sam Hilliard","COL",656541,2021,-2.61542372193772,-0.744899603314893,-1.66969392446184
"Hoffman"," Jeff","Jeff Hoffman","CIN",656546,2021,4.07329037619031,0.665624473802443,-0.993501642301036
"Holloway"," Jordan","Jordan Holloway","MIA",656548,2021,3.75893180739564,-0.644360086778003,0.184292120330014
"Hoskins"," Rhys","Rhys Hoskins","PHI",656555,2021,-2.94402524227726,1.51096380835673,-1.40457079814279
"Jackson"," Alex","Alex Jackson","MIA",656577,2021,0.646131518526313,0.257770591460319,-0.0569192947544001
"Joe"," Connor","Connor Joe","COL",656582,2021,-2.62576290824842,1.18148951858791,-0.166062940053843
"Keller"," Mitch","Mitch Keller","PIT",656605,2021,4.14541313293989,0.121537018314403,-0.087533699220179
"Luplow"," Jordan","Jordan Luplow","CLE",656669,2021,-2.223636310893,0.544608662889721,-0.638477319292449
"McKinstry"," Zach","Zach McKinstry","LAD",656716,2021,-1.36838708360595,-0.0610304697278406,-0.728927920412411
"Megill"," Tylor","Tylor Megill","NYM",656731,2021,3.91465628275783,1.88089088568148,-0.680109036069407
"Mullins II"," Cedric","Cedric Mullins II","BAL",656775,2021,-2.55651112878201,-2.21449851715969,-0.639161209878768
"O'Hearn"," Ryan","Ryan O'Hearn","KC",656811,2021,-0.83208257014955,0.52601256013079,0.140262025927758
"Padlo"," Kevin","Kevin Padlo","TB",656821,2021,1.85570279987924,-0.194051782833131,1.61923647343133
"Peters"," DJ","DJ Peters","TEX",656847,2021,-1.68745802861343,-0.240176109269747,-1.13858859384723
"Peterson"," David","David Peterson","NYM",656849,2021,4.73914799715836,-1.07816349467411,-0.600570094784931
"Rivera"," Emmanuel","Emmanuel Rivera","KC",656896,2021,-0.276525102383998,-0.97288483638764,1.46523966536097
"Schwarber"," Kyle","Kyle Schwarber","WSH",656941,2021,-3.62870122354874,1.53094430135213,-1.24138130383503
"Smith"," Pavin","Pavin Smith","ARI",656976,2021,-0.75422632071236,0.589631649425568,0.909451605629351
"Steele"," Justin","Justin Steele","CHC",657006,2021,3.10883231944172,0.152984389405217,2.37641211515072
"Stokes Jr."," Troy","Troy Stokes Jr.","PIT",657011,2021,1.21365805329645,-4.29594263903686,-0.840052964854643
"Thomas"," Lane","Lane Thomas","WSH",657041,2021,-1.97592393160252,-1.21059719248772,0.821446082695726
"Toussaint"," Touki","Touki Toussaint","ATL",657053,2021,4.3366681936996,-0.633589639357593,0.305005851216484
"Tucker"," Cole","Cole Tucker","PIT",657061,2021,-0.400335722859497,-1.22068399218222,0.858536118219733
"Verdugo"," Alex","Alex Verdugo","BOS",657077,2021,-1.54039051883089,-0.0269016584935388,0.732435537300112
"White"," Evan","Evan White","SEA",657108,2021,0.888963060835927,-0.192749662224475,0.206830033023485
"Wong"," Connor","Connor Wong","BOS",657136,2021,-2.9706869694183,0.987676316184246,0.514827008827854
"Alvarez"," Eddy","Eddy Alvarez","MIA",657193,2021,-0.585055369808515,-0.633494724946916,0.965817847606758
"Webb"," Logan","Logan Webb","SF",657277,2021,2.12585872130354,2.09573948707899,-2.15770255419623
"O'Grady"," Brian","Brian O'Grady","SD",657434,2021,-0.303873422979867,0.337156271279885,-0.0223104438059164
"DeJong"," Paul","Paul DeJong","STL",657557,2021,-1.30764427362595,0.21619784273493,-0.616128377022083
"Laureano"," Ramon","Ramon Laureano","OAK",657656,2021,-1.93845426804306,-1.34118451396661,-0.726682882897071
"Sheets"," Gavin","Gavin Sheets","CWS",657757,2021,-2.47033010380918,1.51846120613231,-0.764121262002463
"Fuentes"," Joshua","Joshua Fuentes","COL",658069,2021,0.0184205224099545,0.153792390613049,0.39823894315867
"Olivares"," Edward","Edward Olivares","KC",658668,2021,-0.987635671848855,-1.62719173905649,-0.701758253742798
"Moncada"," Yoan","Yoan Moncada","CWS",660162,2021,-1.99434600469521,0.133010342643068,0.965591685844296
"Ohtani"," Shohei","Shohei Ohtani","LAA",660271,2021,-4.94637245963878,-1.00719011544307,-1.89338239730852
"Tsutsugo"," Yoshi","Yoshi Tsutsugo","PIT",660294,2021,-0.460005888552541,0.817405153535579,-0.198200404781953
"Arauz"," Jonathan","Jonathan Arauz","BOS",660620,2021,0.272422229218499,0.640160166473668,-0.0295762751136935
"Ynoa"," Huascar","Huascar Ynoa","ATL",660623,2021,-0.247185092055199,2.14538883577132,-2.93259921680323
"Hernandez"," Yonny","Yonny Hernandez","TEX",660634,2021,0.205171346218766,-3.63632200615367,0.51362013413094
"Brujan"," Vidal","Vidal Brujan","TB",660644,2021,1.67931554125938,-9.33120067645151,-2.49291761434941
"Acuna Jr."," Ronald","Ronald Acuna Jr.","ATL",660670,2021,-4.88328005150641,-1.39099925815871,-1.97760610559735
"Ruiz"," Keibert","Keibert Ruiz","WSH",660688,2021,-0.921014736270462,1.37384463601117,0.659285481505625
"Tejeda"," Anderson","Anderson Tejeda","TEX",660731,2021,2.49717462991482,-8.49612430535117,-1.98980192666153
"Sanchez"," Jesus","Jesus Sanchez","MIA",660821,2021,-2.50846853967747,0.72498037077418,-0.9079900409131
"Park"," Hoy","Hoy Park","PIT",660829,2021,-0.59880295190996,-0.590904905102204,0.93209494799919
"Gutierrez"," Vladimir","Vladimir Gutierrez","CIN",661269,2021,5.08074624422019,0.451279811869672,-0.805682415488255
"Contreras"," William","William Contreras","ATL",661388,2021,-1.27649913783373,1.05511161539137,-0.322208423034592
"Varsho"," Daulton","Daulton Varsho","ARI",662139,2021,-1.24969043694079,-0.999676477538585,-0.520794445456251
"Jones"," Jahmai","Jahmai Jones","BAL",663330,2021,1.3758401421543,-1.74907322626303,0.858122703458725
"Nootbaar"," Lars","Lars Nootbaar","STL",663457,2021,-1.09858293532245,-1.06902312679168,-0.628880752595768
"Nevin"," Tyler","Tyler Nevin","BAL",663527,2021,-3.18360794554522,2.62771811288696,-0.737882208140135
"Hoerner"," Nico","Nico Hoerner","CHC",663538,2021,-1.31022268277619,-1.92236053525258,1.69786063196697
"Riley"," Austin","Austin Riley","ATL",663586,2021,-2.97356617817994,1.13943009757882,-0.532484951897909
"Madrigal"," Nick","Nick Madrigal","CWS",663611,2021,-0.776162880867399,-0.671916624231085,1.19044344651371
"Larnach"," Trevor","Trevor Larnach","MIN",663616,2021,-0.751758993097608,0.756532825422479,0.20672592823267
"Mountcastle"," Ryan","Ryan Mountcastle","BAL",663624,2021,-2.57981444244373,0.505061256881918,-0.723121001109206
"McKenna"," Ryan","Ryan McKenna","BAL",663630,2021,-0.0216723589170189,-0.967862506008089,0.464346432093342
"Hayes"," Ke'Bryan","Ke'Bryan Hayes","PIT",663647,2021,-0.834073268657234,-0.937891559822327,0.898907860674739
"Tucker"," Kyle","Kyle Tucker","HOU",663656,2021,-3.42539126201085,0.0578391679112353,-0.68853857950632
"Cameron"," Daz","Daz Cameron","DET",663662,2021,-1.49785925271166,-2.53876849600165,-0.690634529013307
"India"," Jonathan","Jonathan India","CIN",663697,2021,-2.25470110641675,-0.366279729672705,0.361861040718551
"Raleigh"," Cal","Cal Raleigh","SEA",663728,2021,0.342539443665394,0.375581460529584,0.420974795352927
"Neidert"," Nick","Nick Neidert","MIA",663734,2021,4.37002624000876,-0.621696346496132,0.486096995288477
"Fortes"," Nick","Nick Fortes","MIA",663743,2021,-5.36009912529475,1.50676542687516,-2.92888540935993
"Grisham"," Trent","Trent Grisham","SD",663757,2021,-1.55020633436135,-1.3325205131484,0.364848741428325
"Woodford"," Jake","Jake Woodford","STL",663765,2021,5.5050563493573,1.07709334938495,-1.17509633723724
"Terry"," Curtis","Curtis Terry","TEX",663799,2021,2.99220558303012,0.421541843026528,-0.246760575067323
"Vierling"," Matt","Matt Vierling","PHI",663837,2021,-1.60847295996055,-1.30544977752221,0.596964380148615
"Rivas III"," Alfonso","Alfonso Rivas III","CHC",663845,2021,-0.934976888682809,0.841665368876206,1.44698440607224
"Gonzalez"," Romy","Romy Gonzalez","CWS",663853,2021,-0.0488470862248411,-0.157193283336086,1.07492718677307
"Stephenson"," Tyler","Tyler Stephenson","CIN",663886,2021,-1.54222706368135,1.02014633756686,1.24945669480887
"Williams"," Luke","Luke Williams","PHI",663897,2021,-0.133694257970724,-1.94441409304171,1.5225579800134
"Rodgers"," Brendan","Brendan Rodgers","COL",663898,2021,-1.22208122158894,0.813356041652474,0.079039474024154
"Blankenhorn"," Travis","Travis Blankenhorn","NYM",663905,2021,-0.635715073106669,1.99117470724602,-2.69624519805092
"Paddack"," Chris","Chris Paddack","SD",663978,2021,4.96312542625695,-0.830115461381798,-0.465019985180869
"Lowe"," Nathaniel","Nathaniel Lowe","TEX",663993,2021,-1.87981768163944,0.181243952211495,0.645023925420822
"Happ"," Ian","Ian Happ","CHC",664023,2021,-1.72604271727865,-0.108007928247459,-0.602904079758688
"France"," Ty","Ty France","SEA",664034,2021,-1.1648703162729,1.59036725244769,0.407966902674316
"Lowe"," Brandon","Brandon Lowe","TB",664040,2021,-3.18454822967949,0.484006925936344,-1.3674797507233
"Bader"," Harrison","Harrison Bader","STL",664056,2021,-1.98339681779223,-1.52641054578451,-0.332022196680103
"Stevenson"," Andrew","Andrew Stevenson","WSH",664057,2021,-0.408881525278494,-0.893917867180017,0.0503744711746969
"Fletcher"," David","David Fletcher","LAA",664058,2021,0.599166189718769,-1.803504214423,0.549010005534848
"Haggerty"," Sam","Sam Haggerty","SEA",664059,2021,-0.0429940774774208,-4.57434317692501,-0.987219006727006
"Gonsolin"," Tony","Tony Gonsolin","LAD",664062,2021,3.03516870786728,-0.582791467657485,0.253400695552214
"Kingery"," Scott","Scott Kingery","PHI",664068,2021,4.1799122439054,-0.698117159191679,0.0463968077903488
"Brubaker"," JT","JT Brubaker","PIT",664141,2021,3.86617098418202,0.520670087891595,1.05136086424542
"Lucchesi"," Joey","Joey Lucchesi","NYM",664192,2021,4.80484758862867,-0.67477072867252,0.347148708999737
"Moore"," Dylan","Dylan Moore","SEA",664238,2021,-1.54971251673748,-3.25822382012473,-0.788788558045144
"Garlick"," Kyle","Kyle Garlick","MIN",664247,2021,-1.3764122089535,0.74714615452087,-0.867399240558258
"Florial"," Estevan","Estevan Florial","NYY",664314,2021,-3.48286760723659,-1.27111222540622,0.732363132831203
"Lopez"," Alejo","Alejo Lopez","CIN",664670,2021,1.57075322821926,0.336888277673091,2.05095284319072
"Straw"," Myles","Myles Straw","HOU",664702,2021,-1.51632308653399,-3.02822998818716,1.57095101712576
"Isbel"," Kyle","Kyle Isbel","KC",664728,2021,-1.07165615743707,-1.40737944433996,0.516899563479876
"Higgins"," P.J.","P.J. Higgins","CHC",664731,2021,3.59421317425697,0.465239967882938,2.95785837381869
"Bohm"," Alec","Alec Bohm","PHI",664761,2021,-0.817628091340387,0.0566721048250846,0.853063951730089
"Wade Jr."," LaMonte","LaMonte Wade Jr.","SF",664774,2021,-1.74790964456145,0.487490426802701,-1.38684006863669
"Tom"," Ka'ai","Ka'ai Tom","PIT",664789,2021,0.0151109230973442,-0.731401418783842,0.917598365957553
"Mazeika"," Patrick","Patrick Mazeika","NYM",664850,2021,1.08341867083222,0.347495525415831,1.02933581125105
"Zavala"," Seby","Seby Zavala","CWS",664874,2021,0.259955925040059,1.2995041596274,-1.89687895524107
"Mendick"," Danny","Danny Mendick","CWS",664901,2021,0.558085146902897,0.171894670480193,0.477156875539089
"Brown"," Seth","Seth Brown","OAK",664913,2021,-2.31735520090691,0.0431267125573156,-1.93078548043733
"McCarthy"," Jake","Jake McCarthy","ARI",664983,2021,-0.524288776562633,-3.9251235564646,-0.445428078957308
"Walsh"," Jared","Jared Walsh","LAA",665120,2021,-2.51547713922877,0.950617339429109,-0.764394551934556
"Maton"," Nick","Nick Maton","PHI",665155,2021,-0.681237178181427,-0.574528280408807,-0.214539863920535
"Celestino"," Gilberto","Gilberto Celestino","MIN",665482,2021,0.5673766553111,0.0747991393577283,0.550341760931778
"Tatis Jr."," Fernando","Fernando Tatis Jr.","SD",665487,2021,-4.86834637805697,-1.05349328058719,-2.40392017302465
"Guerrero Jr."," Vladimir","Vladimir Guerrero Jr.","TOR",665489,2021,-3.83297790193737,1.86574735236976,-0.540668564956136
"Pache"," Cristian","Cristian Pache","ATL",665506,2021,2.42605152912091,-0.824183883934436,-0.483165799407211
"Marchan"," Rafael","Rafael Marchan","PHI",665561,2021,0.22409451221323,-0.172841960227753,1.28609271347318
"Soto"," Juan","Juan Soto","WSH",665742,2021,-4.22192632812243,1.08609668988486,1.29085210272076
"Taveras"," Leody","Leody Taveras","TEX",665750,2021,0.378225277581401,-5.45090948823722,-1.2386531507751
"Rivero"," Sebastian","Sebastian Rivero","KC",665861,2021,1.9154077020849,1.02847396936718,1.18388080451389
"Chisholm Jr."," Jazz","Jazz Chisholm Jr.","MIA",665862,2021,-1.70008301246187,-3.14432089006043,-1.13465256448885
"Gimenez"," Andres","Andres Gimenez","CLE",665926,2021,-0.413505635573834,-3.66711779719245,-0.66252758388956
"Anderson"," Ian","Ian Anderson","ATL",666120,2021,5.57873783749638,1.16217886173173,-1.07017142764194
"Garrett"," Braxton","Braxton Garrett","MIA",666129,2021,2.72320612282844,-0.507374658142394,0.552814534083388
"Kirilloff"," Alex","Alex Kirilloff","MIN",666135,2021,-1.92378795790411,0.368383832235369,-0.58577926414528
"Lee"," Khalil","Khalil Lee","NYM",666137,2021,3.28805869119162,-0.443833074436914,-0.125780603137118
"Lux"," Gavin","Gavin Lux","LAD",666158,2021,-1.3918526582483,-0.966659170087911,0.905347382627679
"Moniak"," Mickey","Mickey Moniak","PHI",666160,2021,1.88125917468734,-0.396728667266896,-0.946820793526131
"Rortvedt"," Ben","Ben Rortvedt","MIN",666163,2021,1.27708531826047,0.423771045957287,-0.489721527589387
"Adell"," Jo","Jo Adell","LAA",666176,2021,-1.34203528576703,-1.08680126250667,-0.909569756535825
"Beer"," Seth","Seth Beer","ARI",666179,2021,-7.25988707977404,2.32129698085262,-0.711126384769533
"Bichette"," Bo","Bo Bichette","TOR",666182,2021,-2.50663708673619,-1.04690563371228,-0.793256701931547
"Carlson"," Dylan","Dylan Carlson","STL",666185,2021,-1.68767787071392,0.111742605432874,0.405239680890333
"Kieboom"," Carter","Carter Kieboom","WSH",666198,2021,-0.207874372717553,0.655964504522538,1.52987036409925
"Luzardo"," Jesus","Jesus Luzardo","MIA",666200,2021,5.08640135592009,0.750212165030099,0.331980308969583
"Muller"," Kyle","Kyle Muller","ATL",666205,2021,4.55444326568987,-0.715667104066752,-0.0753076713301196
"Trammell"," Taylor","Taylor Trammell","SEA",666211,2021,-0.258165728990062,-1.19320870594812,-1.26339447127066
"Welker"," Colton","Colton Welker","COL",666213,2021,1.11936863831015,0.8184963124885,1.80516988849467
"Castro"," Rodolfo","Rodolfo Castro","PIT",666801,2021,-0.836909761123534,0.936735519164713,0.191147840939375
"Dalbec"," Bobby","Bobby Dalbec","BOS",666915,2021,-2.80938384458919,0.887614040757505,-1.98737906828938
"Oliva"," Jared","Jared Oliva","PIT",666931,2021,1.02713944319712,-4.38180495308684,0.0917206305328351
"Garcia"," Adolis","Adolis Garcia","TEX",666969,2021,-2.12598050860386,-1.05600736791242,-1.01022735469219
"Gurriel Jr."," Lourdes","Lourdes Gurriel Jr.","TOR",666971,2021,-1.71476159623307,0.904231176661683,-0.600869831019977
"Rooker Jr."," Brent","Brent Rooker Jr.","MIN",667670,2021,-0.964021295063035,0.765413241376108,-0.704294637691566
"Arozarena"," Randy","Randy Arozarena","TB",668227,2021,-2.29380714064254,-1.72078313215031,-0.0112362235791582
"Barrera"," Tres","Tres Barrera","WSH",668663,2021,-0.678298139103719,1.86750574122854,1.20902441462417
"Rogers"," Jake","Jake Rogers","DET",668670,2021,-1.57969240924087,0.365646000675564,-1.64450546021017
"Gallen"," Zac","Zac Gallen","ARI",668678,2021,2.74105961019169,0.210173928566096,0.352361660891311
"Henry"," Payton","Payton Henry","MIA",668721,2021,0.491238151890481,2.20966682652672,2.14074345312757
"Baddoo"," Akil","Akil Baddoo","DET",668731,2021,-2.41715952730781,-2.1736203709838,-0.0660144861772063
"Knizner"," Andrew","Andrew Knizner","STL",668800,2021,1.0195618585312,1.04469225203127,1.87247380984459
"Reynolds"," Bryan","Bryan Reynolds","PIT",668804,2021,-3.22789617451351,0.161001121053131,0.431737361172934
"Kranick"," Max","Max Kranick","PIT",668820,2021,7.66902646960045,1.56437185027186,-2.08493959845973
"Rojas"," Josh","Josh Rojas","ARI",668942,2021,-1.29715246515764,-0.76327253558849,0.82175292857316
"Marsh"," Brandon","Brandon Marsh","LAA",669016,2021,-1.22536543590232,-1.60425413978276,0.269600552884376
"Wilson"," Bryse","Bryse Wilson","PIT",669060,2021,5.86547903383342,0.990075331768184,-1.53508716445515
"Campusano"," Luis","Luis Campusano","SD",669134,2021,2.74926104072079,0.657587673634486,2.45509321382165
"Burnes"," Corbin","Corbin Burnes","MIL",669203,2021,4.00709830280455,1.53769388788778,-0.843900309435992
"Murphy"," Sean","Sean Murphy","OAK",669221,2021,-1.0880090990445,1.55541177457591,-0.450739567106502
"Senzel"," Nick","Nick Senzel","CIN",669222,2021,-0.848236120325454,-1.95639415953874,1.42594434799265
"Edman"," Tommy","Tommy Edman","STL",669242,2021,-0.876158734765494,-3.02363115519722,-0.176867633391828
"Solak"," Nick","Nick Solak","TEX",669256,2021,-0.793630429134304,-1.22409278226412,0.369936811281417
"Smith"," Will","Will Smith","LAD",669257,2021,-2.86844551433291,0.916779395506869,-0.00390389525073065
"Johnson"," Daniel","Daniel Johnson","CLE",669288,2021,-0.848424914572855,-0.876283500514389,-0.709532818635805
"Espinal"," Santiago","Santiago Espinal","TOR",669289,2021,-0.551969435232883,-1.20511365715435,0.953520817756442
"Hiura"," Keston","Keston Hiura","MIL",669374,2021,-0.209049495056028,-0.0831274604166471,-0.614610382760335
"Burger"," Jake","Jake Burger","CWS",669394,2021,-1.85010561249546,0.891786812950205,1.42526738153975
"Rogers"," Trevor","Trevor Rogers","MIA",669432,2021,5.77624730459128,0.718322571416678,-1.0790436290037
"Long"," Sammy","Sammy Long","SF",669674,2021,4.27575202707815,-0.766731060154772,-0.399694065267878
"Hays"," Austin","Austin Hays","BAL",669720,2021,-1.19381169149321,0.106924239347547,-0.935804530715986
"White"," Mitch","Mitch White","LAD",669952,2021,5.06500706626999,-0.744538487538897,0.0766462064110082
"Lopez"," Nicky","Nicky Lopez","KC",670032,2021,-0.488970640604288,-2.37061679964496,0.959334962071064
"Raley"," Luke","Luke Raley","LAD",670042,2021,-0.237435494446829,-0.3758116600595,-0.0852710232168853
"Heath"," Nick","Nick Heath","ARI",670084,2021,0.978689443141701,-2.85349245869309,1.24007462697349
"Short"," Zack","Zack Short","DET",670097,2021,-0.527443777681218,-0.608157660089057,0.565977878067321
"Rojas"," Jose","Jose Rojas","LAA",670351,2021,-0.814228867030296,-0.396991253645794,-0.151235546086094
"Young"," Andrew","Andrew Young","ARI",670370,2021,-2.6150359105227,1.4060310532725,-0.931354838639968
"Alvarez"," Yordan","Yordan Alvarez","HOU",670541,2021,-3.04430535855465,1.76244382059561,-0.811350519213708
"Paredes"," Isaac","Isaac Paredes","DET",670623,2021,0.20695911169755,1.10098049974656,2.45645060097868
"Brosseau"," Mike","Mike Brosseau","TB",670712,2021,-0.54388823996067,-0.471095517645896,-0.276704646880439
"Walls"," Taylor","Taylor Walls","TB",670764,2021,-0.250721471636441,-1.8011591827158,0.92381938277313
"Gonzalez"," Luis","Luis Gonzalez","CWS",670768,2021,-1.86841770195022,1.68281259510506,6.65916865749411
"Friedl Jr."," TJ","TJ Friedl Jr.","CIN",670770,2021,-0.978872300503806,0.307504842374865,0.538433784353598
"Oviedo"," Johan","Johan Oviedo","STL",670912,2021,2.95055639581739,0.500016413491374,0.174343172398675
"Garcia"," Luis","Luis Garcia","WSH",671277,2021,-0.540181861821681,0.196814542110472,0.830632349550723
"Kelenic"," Jarred","Jarred Kelenic","SEA",672284,2021,-1.00425927491222,-0.544949567999975,-0.597593419621223
"Kirk"," Alejandro","Alejandro Kirk","TOR",672386,2021,-1.26614455883698,2.40018291241749,0.0852678388219664
"Perdomo"," Geraldo","Geraldo Perdomo","ARI",672695,2021,-0.614480161137189,-0.0627844382491282,1.90543332023097
"Devers"," Jose","Jose Devers","MIA",672701,2021,-0.0972623004819798,-0.818425191738568,1.17314248133672
"Marcano"," Tucupita","Tucupita Marcano","SD",672779,2021,0.675986338401154,-0.976161479285835,2.65649818175908
"Robert"," Luis","Luis Robert","CWS",673357,2021,-3.20333535761667,-0.0802295223820601,-0.701509274816584
"Akiyama"," Shogo","Shogo Akiyama","CIN",673451,2021,0.680072110846,-2.00977264596874,0.871369665826464
"Kim"," Ha-Seong","Ha-Seong Kim","SD",673490,2021,-0.502916921910971,-1.2270657241553,-0.0238884466588846
"Miller"," Brian","Brian Miller","MIA",675649,2021,1.80536468379868,-0.388558128044058,0.863441474319946
"Smith"," Kevin","Kevin Smith","TOR",675656,2021,1.51113061601361,0.370466240935095,-0.963735846888992
"Clement"," Ernie","Ernie Clement","CLE",676391,2021,0.28475835608114,-0.537777836094853,0.437276104833772
"Barrero"," Jose","Jose Barrero","CIN",676480,2021,0.112231006463137,-0.954244681325567,1.09779354098645
"Reks"," Zach","Zach Reks","LAD",676646,2021,4.63510945341653,-0.755937063752988,-0.10080981220918
"Meyers"," Jake","Jake Meyers","HOU",676694,2021,-2.04295976321537,-0.843742428209136,-1.34320518049414
"Trejo"," Alan","Alan Trejo","COL",676701,2021,-0.0192703921664894,0.527965048567433,1.63608872204397
"McCormick"," Chas","Chas McCormick","HOU",676801,2021,-2.4421660786589,-0.306186021915468,-0.43673916019068
"Peacock"," Matt","Matt Peacock","ARI",676840,2021,0.139038413364699,-2.47887599944112,1.32686639976403
"Franco"," Wander","Wander Franco","TB",677551,2021,-1.7568218487809,-0.45765362288853,0.51737755542501
"Weathers"," Ryan","Ryan Weathers","SD",677960,2021,3.20465169117645,2.14134019765648,-1.55747871547929
"Gray"," Josiah","Josiah Gray","LAD",680686,2021,4.5256865414796,-0.746628950865729,-0.212841604643963
"Duran"," Jarren","Jarren Duran","BOS",680776,2021,-0.522453234252959,-2.19488516323317,0.0998559757197996
"Jeffers"," Ryan","Ryan Jeffers","MIN",680777,2021,-1.10444952165585,1.6615064438322,-0.974156837287628
"Miller"," Owen","Owen Miller","CLE",680911,2021,-0.412921753182018,-0.82820096714499,0.905157937083809
"Vaughn"," Andrew","Andrew Vaughn","CWS",683734,2021,-1.11148516196242,1.22576879480933,0.37066812665265
